,image,ground_truth,tesseract,easyocr
0,<PIL.JpegImagePlugin.JpegImageFile image mode=RGB size=2142x141 at 0x7D6DD319BF90>,وصفاً مجملاً لحالة المغرب خلال سنة 2005، مثيراً ، في سياق ذلك ، التساؤلات الكبرى,"و اث
حلم خالد
صف للع نب 1
‎١‏ حال ل 0
2ه ل
2005 ضرا ء :
- ضيبا ماد لأى مع
المشساز ,لي
8 1""
","حالا مح٥ً لحالدالمح صف سراء ذ سب مه دلل ا ,لسادلان للورا ها )4~5ه2"
1,<PIL.JpegImagePlugin.JpegImageFile image mode=RGB size=2159x228 at 0x7D6DD1F86490>,وهلال خازن عفيف للحج .  بدأت قوافل الحجيج حاج إثر آخر يلبي,"“ان طازن, عض للهبع “د أات اطع لجيج ما رك نم مل
",عصعا معبل ل _ جا ت قواقل عا 2 إثر ~ خ ما رره للهج المجيج
2,<PIL.JpegImagePlugin.JpegImageFile image mode=RGB size=1508x404 at 0x7D6DD1F87E50>,النص: مشمش ، دراق ، غيظ ، ناء ،  بث ، نسر .,"الى : محش د راك حيظ ؛ نأد؛ جمبثت اجر
","لبث دراد , خيظ ' نا ء مهمم الذم نسلن"
3,<PIL.JpegImagePlugin.JpegImageFile image mode=RGB size=1236x103 at 0x7D6DD1FA03D0>,و هي التي جعلته كريما على فقره .,"هو هى انوا كلت دريما كل موه .
",لريما ىلى ححلد الد مشظو ه
4,<PIL.JpegImagePlugin.JpegImageFile image mode=RGB size=1873x110 at 0x7D6DD1FA0950>,مثل أنقض بغـلس له الضابط لزمتك. سألت راجح هل أبلغ أصحابنا,"ملا دمض نغلس هف الطابط لزمتك ساهه راجع هل أبلؤ أصمجاين!١‏
",امجا سالت راجح هل لل الطا  ط مث ' نقحى ابل  بنا لرمرك نغلل
5,<PIL.JpegImagePlugin.JpegImageFile image mode=RGB size=2065x191 at 0x7D6DD1FA0ED0>,الأدب عامة ، و الأدب السعبي خاصة ، لمزيد من التقصي و البحث و التحليل ،,": ‏لادب عاميى رالاء بن المصج عل اهدم"" ( لير م الى والبعرى والتسليل‎ ١
",د مو ( رال عامهً   بدالادب السثبم ادث التقدى حر بر رالبحث والدحلا
6,<PIL.JpegImagePlugin.JpegImageFile image mode=RGB size=2177x189 at 0x7D6DD1FA1450>,عفيف للحج .  بدأن قوافل الحجح حاج إن افر يلبي . عند وصولنا طفنا وسعينا هع شنح.,"ميت لاحر ان صاطل اكب سال امرارل_بكال م عن وص رلنا فنا معدا موك ْ
",";/`3(= ١ و٥ » 2 = حا ائرا ر 0 عنت  7 الرانت فوامل /ك,< عىد"
7,<PIL.JpegImagePlugin.JpegImageFile image mode=RGB size=2039x124 at 0x7D6DD1FA19D0>, هل تعلم فائدة الكلمات التالية لهذا النص: مشمش، دراق، غيظ، ناء,"هل بلج تمجابن طاع 22 ناج مى ‏ ب س تنا صن ع ظ اننا ب الحم
", صحاناذع ٥، تح فى بستى | ص عللاثنا ٥ا ٥ الدع
8,<PIL.JpegImagePlugin.JpegImageFile image mode=RGB size=907x578 at 0x7D6DD1FA1F50>,غيظ ، ناء ، بث ، نسر .,"غرط » ناء » ببش + مرو .
",نر بث غح نا ء (
9,<PIL.JpegImagePlugin.JpegImageFile image mode=RGB size=1998x118 at 0x7D6DD1FA24D0>,والصراع  الحضاري قد  يأخذ  أشكالا  مادية - الصراع  على الوصول .,"1 ف 5 ه- ا ‎١‏ الن ب
دعساي ابخضا رى جر رخن ١#شكالد‏ مارية تصراي كى الوشول
",ال ا 9نزل ما ر^ - الصرا رى حد لا حذ ا سكاا الحعرا وللصررئ
10,<PIL.JpegImagePlugin.JpegImageFile image mode=RGB size=2168x120 at 0x7D6DD1FA2A10>,كيلومتر في نهر جليدي درجة حرارته 8ر1 درجة تحت الصفر، مسجلا رقما قياسيا,"مرحم ‎٠.‏ 32 أ 5 1 0 42
لمصسري بير صليرئ درمة عازه ,| درهةفن لسر ؛ صسورر سما صياجها
","ا صاسا مسوا 6 8 ,| >شآحن اص~ د-جه ? ارره للدعم غ نه ملبدي"
11,<PIL.JpegImagePlugin.JpegImageFile image mode=RGB size=2286x141 at 0x7D6DD1FA2F90>,ناهيك عن الخسارهـ الفادحه للأخشاب و الثروة النباتيه و الحيوانيه والبشريه,"ناك 555 لهساره العاوجم لاع ساب و التروهم الجا وباحبيو الىم والسترت
0 1 ء
", ن | ناصك حن المنسار4 الحادح للاخمشاب والترده اللذانب و _ الجبو =لسر اله
12,<PIL.JpegImagePlugin.JpegImageFile image mode=RGB size=2137x173 at 0x7D6DD1FA3510>, ب س ش ص غ هـ أننا في الحج . هل تعلم فائدة الكلمات,"سن يلن صنلرء 4 نور ا ك0 مل عمد ا سر لكل >

١
", ٧٧  د { > 3 ص ع 0 { ا سس مل لعار
13,<PIL.JpegImagePlugin.JpegImageFile image mode=RGB size=2086x122 at 0x7D6DD1FA3A90>,لايخطئ ، وهي أيضا ليست الإفراط في الواقعية والتى تعتبر,"زا يخطع » عو أ رضا لست ‎١‏ لا ءالا عم الوا فَهم وال تعر
",نصسار رحح ،و2 اثالرست ااط ار& الاا ححم و _ال
14,<PIL.JpegImagePlugin.JpegImageFile image mode=RGB size=2465x114 at 0x7D6DD1FB4050>,فأما الأدله التاريخية المستقاة من المصادر الأدبيه فهي تنحصر في بعض الكتب,"عاماال ذل1التاريحيا ا هسماء م نامصادر ال وبسمحطهى تتعسرئ مط اللي
",تنحصري نمص فاباللا دنا ا لتارلم  امستحا& من امصادرالا دبامه نخلت
15,<PIL.JpegImagePlugin.JpegImageFile image mode=RGB size=2017x90 at 0x7D6DD1FB45D0>,وعدم استقرار موظفي الوزارات والمسؤولين الإداريين ، عدم الاعتبار الممنهج للاستحقاق,"3 ا دارمينت ' سار اهم للا سهان
وعرم ١ستهرار‏ عو ظفى الوزارارك و السؤوشم الادارياكت 6 عد"" 0
","للا سكماق لإ حسبار الورارات ,السودلسس الا دارين لو وعدمم ا ستمرار احمىنح حث طح"
16,<PIL.JpegImagePlugin.JpegImageFile image mode=RGB size=2135x149 at 0x7D6DD1FB4B50>,مع شيخ. كان جاري في الخيمة يتكلم وهو نائم  بكلمات لا أفهمها مثل انقض بغـلس,"مع سمخ - كان جارى من انمد ينكم وهو نام يكلمات ‎١١٠6‏ فهمع| صل | نممن خلس
",وهونائ بكلفات _١٧فهمها مئل | نمتم دعلم احلدح `0 مسيح . كانا بارى يتكلم
17,<PIL.JpegImagePlugin.JpegImageFile image mode=RGB size=2038x119 at 0x7D6DD1FB50D0>, نائم بكلمات لا أفهمها مثل انقض بغلس له الضابط لزمتك. سألت راجع هل بلغ,"دام إلمان لد أفعمعا شل انض رغلير يت اباط نلف سس الت جم بطاخ
",تبكاسا ت لاآفه عاتل انتغا لغلرآ_ الالط ] نك ب سسآلت  جع حابغ
18,<PIL.JpegImagePlugin.JpegImageFile image mode=RGB size=1234x527 at 0x7D6DD1FB5650>,دراق، غيظ، ناء ،  بث ، نسر.,,نا ء عىظ - راف برث نسان
19,<PIL.JpegImagePlugin.JpegImageFile image mode=RGB size=1960x114 at 0x7D6DD1FB5BD0>,الواردة عن ملوك الحيرة وعرب الحيرة، أنداد الغساسنة، ولذلك لم تكن في جانبهم، وتكاد,"ٍ 2 . 1 0 م 0م و 0 97
ارده عن على قا حموط ءحرب احمره شار التشمئة ‏ وث الكل دكن يي حبائص"" وتكار
",1واد السساسه [ رلذلل لدعن ي حجاع الوارده عنعلولالحسدهً دحرب الحمره ز نكاد
20,<PIL.JpegImagePlugin.JpegImageFile image mode=RGB size=2156x126 at 0x7D6DD1FB6150>,الخاصة ببرامج العمل  الوطنية  إلى  أن الدولة  تضطلع  إلى  حد,"_ |] 7 7 - : ‏م الم‎ ١
‏خاصت اراس انحل الو صانا داع أن الرورك لتصطللع 61 در‎
","ن( لصحام رن ,لددلح 5٠ الحلع اوطيح ل` اصت براج"
21,<PIL.JpegImagePlugin.JpegImageFile image mode=RGB size=2261x108 at 0x7D6DD1FB66D0>,فإذا حان وقت النوم وضعت الحشيات على الأرض أو على أسّرة منخفضة من الخشب,"فى أوعل أاصرة ...ىو يلم نارمع
ذا حان ومح الئوم وضعت اكشاات عل الأ رصم ‎١‏ وعل | سرة منخفضيةمن طم
ود 0
",منحفضة من كش وقت النو وحفت احتيات عالا٧ رفا ٦ وعل { فاد ا حان تره
22,<PIL.JpegImagePlugin.JpegImageFile image mode=RGB size=1679x146 at 0x7D6DD1FB6D10>,الأحرار بأجر نقدي ، واستأجروا عمالاً أحراراً يعملون,"‎١ ١ 5 2 53 0 0‏
العا سأهر نرف وا سسا جروا ما رز ‎١‏ ماما
",لرمار امرذفرى 6ا واسما جروا عا امارا لحلول
23,<PIL.JpegImagePlugin.JpegImageFile image mode=RGB size=2212x140 at 0x7D6DD1FB7210>,ذهب نوح مظفر ضرغام بصحبة رؤوف بن لؤي رايق ظافر عطعوط وهلال,"دهت نوح مططر جنرخاص دعىةت رووف ددملواك رادكطا فر كطوط وهلا نل
",نوح مظضر ضرغام ببط رووف بملؤ راله ظافر كطعوط دهلال ذهت
24,<PIL.JpegImagePlugin.JpegImageFile image mode=RGB size=1133x816 at 0x7D6DD1FB7790>,"لفظ ""أخبار"" بمعنى ""تاريخ""،","1
١

‎٠ /‏ مار يم )
كلم يعى!
",لمخل لععى ` ما ر بخ { ادعر
25,<PIL.JpegImagePlugin.JpegImageFile image mode=RGB size=2096x116 at 0x7D6DD1FB7CD0>,حياً لدلالاتة القديمة في الأدب الشعبي المعاصر سواء في مشرق الوطن ومغربه ونستعرض,,ومعربه دسنم  سد +ي مشوو الوصم -ياللاب لالاته السعبق المحاح المدلمه
26,<PIL.JpegImagePlugin.JpegImageFile image mode=RGB size=2068x127 at 0x7D6DD1FC4290>, ظ ع ك ، ث خ ض، ب س ش، ص غ هـ أننا في الحج هل تعلم فائدة الكلمات التالية لهذا النص:,"2< عه املع خاس تن ) حىى؟ 8 السام م هل حل مام ‎١‏ نان شاه جز اررمي /
", لما ل حم ` اح هل لحل حاد - ه ب س ش  ه `  _ سح ص -٥٦ ا كل2ت ادننا ي ا ل_2
27,<PIL.JpegImagePlugin.JpegImageFile image mode=RGB size=2129x116 at 0x7D6DD1FC4810>,بمهمة التدريب مراتز المعلمين والجامعات ، وذلك تحت إشراف وزارة العلوم,"المكسه لمر س يبب عمللا كر للعفيند م رمحن ا و ذلك تحمل شرا رار لعفو م
",٢ إترات دزارءلعلو بمصه لتدرىب مرا تزلعليذ دلبامعات ا رذلك حت
28,<PIL.JpegImagePlugin.JpegImageFile image mode=RGB size=2318x414 at 0x7D6DD1FC4D90>,الزراعية والريفية،,"الزراشضية والريمهء
",لرر ميآ دارلفبه
29,<PIL.JpegImagePlugin.JpegImageFile image mode=RGB size=2235x147 at 0x7D6DD1FC5310>,سألت راجح هل بلغ أصعابنا ط ع ك ، ث خ ص، ب س ش، ص غ ه,"5 -- ا د م ‎١ ١‏ 5 0 5 7 1
سس ريصع “سل بط ' ممعا بض ] 7 220 ج22 مى )ب س دل وص زر
",كا ث 2 حى [ با س ر دت رجح > ل بالغ همعابا 22 ٤? - ? س
30,<PIL.JpegImagePlugin.JpegImageFile image mode=RGB size=2143x87 at 0x7D6DD1FC5890>,في خفض درجة الحرارة الارص . ومن حانب اخر تمنع الاشعة الحرارية,"هم خعىي درح-ة ‎١‏ رت ‎٠ : ١‏ | لاص /
",- ' حصاعابن آفرتصنع اهسعذلرريذ درحبة احس رارةً عفا خصى اه ررى
31,<PIL.JpegImagePlugin.JpegImageFile image mode=RGB size=2470x153 at 0x7D6DD1FC5DD0>,فألفو ذلك وقد هلك من العرب من هلك بالموت والقتل، فحفظوا أقل ذلك، وذهب,"2 2 2 1 7 .ود
",ا فاذ لك و القتل ' ذلك رقد مللا ماالت با نا هللا غااعو المو ء فحفطوا و دطر
32,<PIL.JpegImagePlugin.JpegImageFile image mode=RGB size=1992x113 at 0x7D6DD1FC6350>,أن العقيدة كلما اقتربت من فكرة التدحيد والايمان بالحياة الأخرى.,"ات ابعصضرة كلى| ‎١‏ كرست من عكرة- اشوصد وادعان باضاة الأطرىف
",دادعات بالحبا ه الاع من كرت ا كلا اعمىدآ مكره التوصد
33,<PIL.JpegImagePlugin.JpegImageFile image mode=RGB size=2155x158 at 0x7D6DD1FC68D0>, لا أفهمها مثل انقض بغـلس له الضابط لزمتك. سألت راجح هل بلغ,"مل ؟ مرا مق١‏ فين تملس له لعي حا فشك .سسا لت 21 عمل 01
",1ه سا نمص لملس له لحادطلزتك .ب ' لن ١ ح مهها حمل
34,<PIL.JpegImagePlugin.JpegImageFile image mode=RGB size=2240x132 at 0x7D6DD1FC6E50>,شهد القرن الماضي إرتفاعاً ملحوظاً في معدلات درجات الحرارة,"ريل العرن اقاص ارما 00 ماموظأ ى معر.لد ت درصان ت اخ ارج
",معدلات درمات ماحوظا ` القن الا ض ارسناى ا> ار 
35,<PIL.JpegImagePlugin.JpegImageFile image mode=RGB size=2353x87 at 0x7D6DD1FC73D0>,حتى لا تكون هناك قطيعة تامة، وارتفعت بذلك السواحل الغربية، نتيجة انخساف الأرض،,"حقى 8 تكون هناك قضيعة تامة) وارتفعثت_ بذلى السواحجل الحرسة ء نتيعة انور إن الأرصن ‎٠١‏
",نتيحة انحساف الارض  بذلك السواحل الحزبي حت ٧ تكون هنا قطيعة تامة ( وارتفعن
36,<PIL.JpegImagePlugin.JpegImageFile image mode=RGB size=2129x127 at 0x7D6DD1FC7950>, لزمتك . سألت راجح هل بلغ أصحابنا ظ ع ك ، ث خ ض  ، ب س ش ، ص غ هـ,"لزمدك ‏ سال راجح هل بلع امغارنا اع لمعن جح مى © م دل 1 206 م
",٠ ٧ ٣ ٠»٤ مل بلم اصتانا ظعل ن ح ص مالث ز من را جح
37,<PIL.JpegImagePlugin.JpegImageFile image mode=RGB size=2002x166 at 0x7D6DD1FC7E90>,عفيف للحج . بدأت قوافل الحجيج حاج إثر   آخر يلبي .,"صميف للجع . بي أ
دأت قو ‎5١‏

فل السحس حاج ا( ‎١‏

( أ جر_بلي ,
","بلبى السجع حاج !٢ قو لبا عسميف الجح ا غل أت ا خ _,"
38,<PIL.JpegImagePlugin.JpegImageFile image mode=RGB size=1982x1030 at 0x7D6DD1FC8450>,في الحج . هل تعلم فائدهـ الكلمات التالية لهذا النص : مشش ،,"ي بحت , هل تعم زائزه لكات لناليه لهذا لفن : خش /
",هل نعل ئائرم كامات لئالرة لهزا لنض ٢  لحج سس .
39,<PIL.JpegImagePlugin.JpegImageFile image mode=RGB size=2193x136 at 0x7D6DD1FC8A10>,متوازن. وقد اتخذت مقاطع كتابة تشيان لونغ قوتها وحيويتها من السمات,"حنوازن . وخدا تمنذس مقا #ج كتائة سلبان لو نج حوراو عيوتتها مالسا
",لسا ن حيوللما 9 رحدا رمذت مفاب حتابم سمبان لونء حولها لتون حرز ا
40,<PIL.JpegImagePlugin.JpegImageFile image mode=RGB size=2431x173 at 0x7D6DD1FC8F10>,ذهب نوح مظفى ضرغام بصحبة دؤوف بن لؤي رايق ظافر عطعوط .وهلال خازن,"قن ده
؟ 4 :. ‎١‏
‏للارجيه عاد ا
‎٠.‏ بي
ي را 0
م
ولعو وا
و ول“ 4
إخاذن
",0 ظاف عطعوط 9علاا خازن نوح مفلغ فنرغاح بصفة رؤوفا بت لؤي هب راين
41,<PIL.JpegImagePlugin.JpegImageFile image mode=RGB size=1755x821 at 0x7D6DD1FC9490>,"الكلمات التالية لهذا النص: مشمش , دراق , غيظ، ناء ,  بث , نس .","العلمات انثالا لبدا اشن ‎١‏ سشمش ,دراي ر ميك ء لأه ر بك ر نمى,
",العلات الثالآلاا الممى ! محمم ردراق ر عيل ر ناء ر بث سم '
42,<PIL.JpegImagePlugin.JpegImageFile image mode=RGB size=1972x86 at 0x7D6DD1FC9A10>,للحج.  بدأت قوافل الحجيج حاج إثر آخر يلبي.  عند وصولنا طفنا وسعينا مع شيخ.,"للححع 1 ساد كواقل المخجحيم حام ادر ل يلى ‎٠‏ عنرو صولنا طئنا وسهيئا مج اتسرح .
",صولنا طفنا وسحينا مح لسح حاج اتر احر بلى نداد فوافل الجيج للحج عند و
43,<PIL.JpegImagePlugin.JpegImageFile image mode=RGB size=1958x98 at 0x7D6DD1FC9F90>,أخرى من العجز  من قبيل تفضيل هيمنة النظرة القطاعية الضيقة ؛ والكفاءة غير المتساوية,"و ا :0 8 5 00-7 )0 .: 3-5 5 5 55 5-8
",->ن الجمادة ح 5 همنه اللظره القطاعية الصحح من بل العجى مرى من لنسار لفصيل
44,<PIL.JpegImagePlugin.JpegImageFile image mode=RGB size=2246x161 at 0x7D6DD1FCA510>,للحج . بدأت  قوافل الحجيج  حاج إثر آخر يلبي . عند وصولنا طفنا وسعينا مع شيخ كان جاري,"[لعم ‎١‏ بدأت فوافل العجيج حاج ار يلبي. خند وج ولنا حلهضنا و سعرنا مخ تيع سكان سس رو
",حاج إنز آ خر بدأت قوافل /ل  وستينا مت سبع ٢ان >ا كئد وحولنا حمخنا 77/ الحجع يابى
45,<PIL.JpegImagePlugin.JpegImageFile image mode=RGB size=2412x97 at 0x7D6DD1FCAA90>,اليىئة ليست ما يحيط بنا عن قرب فقط و إنما كل شئ تىضمنه الكرة الأرضية  ، وتعتير الغابات,"السة ليست مارحيعا ينا عدر حَرب عقا و إدذا كل ش؛ فصحنه اكوْعَ الارصيية . وتعيرٌ العا
",ر رعس العا ب7 الارحس حرب حفط وإلما كل سء لمصمنه ا السة لىست ما دحرحا الآره عسه
46,<PIL.JpegImagePlugin.JpegImageFile image mode=RGB size=2421x322 at 0x7D6DD1FCB010>,ومن السياح الذين اختلطوا بقبائل بلاد العرب ، ولا سيما في بلاد الأنباط، من التجار وأصحاب,"وين تمه ألزيت حاطو قباط بود اموي ع ري صاى يلد كوتايا) ' الها أستا
بل نك 5 أصتأ ن
",و٣ بقبائل بلاد بإاد 1 ضاطم اصدا المباح  الزين اختلعو ال٣ب ٠ولا مما  التجار و
47,<PIL.JpegImagePlugin.JpegImageFile image mode=RGB size=2246x169 at 0x7D6DD1FCB590>,أو المحلية شبه الرسمية المستخدمة في المجتمعات المستقلة، بالإضافة إلى البدء في تعلم لغة,"١و‏ امحليع مدال بيجت ا 22
: لر ديك ‎١‏ سوير م2 عي لدت ماري لس تركس رالامناييم-” إك البدء في تبج لىم-
",لفه امحلال س~ الراصخ الستخدبة فسوااجتهمات | لستقلة بالاضاؤم إك البدء فع لملا
48,<PIL.JpegImagePlugin.JpegImageFile image mode=RGB size=2312x187 at 0x7D6DD1FCBB10>,خوليا  دام عدة أيام اجزاء من المانيا وتسبب بفيضانات شديدة,"حوليا ادام عدن أيام | جرناء من الحعاشأ وتسشرن شضائان شد بده
","0 المانيا ونسب بببضانان سدبد اس / جزا , عدن رام أ با م حولا"
49,<PIL.JpegImagePlugin.JpegImageFile image mode=RGB size=1551x568 at 0x7D6DD1FD00D0>,: مشمش، دراق، غيظ ، ناء ،  بث ، نسر .,,ناء  ت رراق / متمس عاراا لر
50,<PIL.JpegImagePlugin.JpegImageFile image mode=RGB size=1979x97 at 0x7D6DD1FD0650>,وهلال خازن عفيف للجج. بدأت قوافل الحجيج حاج إثر آخر يلبي .,,بدآت قوافل الحجيج حاج اثر آخد وفيق للجج وملال يلبب ندا ر ه
51,<PIL.JpegImagePlugin.JpegImageFile image mode=RGB size=2484x172 at 0x7D6DD1FD0BD0>,وىعي الطريقة الطبيعية للتطريد في النحل وبها يزيد من عدد طوائفه.يخزن النحل الصغير العسل في أعلى القرص,"اام نز صل اكفن. نت الدشل الام عسل ,عر الو ير
ودعي الطريّعة الولبيعية التطريدي التو وها دزيد م لخر طرواتف .ور 7
",و الخلا اارندص اعردمط واعفه لحرن الدول اص مرال ق سل ث أعار المبحم زلحل المطريهة التطرا الذراعم
52,<PIL.JpegImagePlugin.JpegImageFile image mode=RGB size=1776x118 at 0x7D6DD1FD1110>,بكلمات لا افهها مثل انقض بغلس له الضابط لنعتك . سألت راجح,"بكلعات د افيها مثل بعلت 2ت نهنا با منمتك . بآلت راجم
",سه آلت نه لنعك دعلىن افعء حثلد لد بجلعات )
53,<PIL.JpegImagePlugin.JpegImageFile image mode=RGB size=2194x157 at 0x7D6DD1FD1690>,وسعينا مع شيخ. كان جاري في الخيمة يتكلم وهو نائم  بكلمات لا أفهمها مثل,"وناكسا مع بيرم . ىن جار م كفت تكلم وهوما نس تولمت ‎١3‏ يمسا مدن
",_لللتيب ٥ع عذل لللمسات لراادما لن٢ 9 ئ جا رعا سيح رانا تل النسد دهونا
54,<PIL.JpegImagePlugin.JpegImageFile image mode=RGB size=2013x114 at 0x7D6DD1FD1C10>, عند وصولنا طفنا وسعينا مع شيخ .كان جاري في الخيمه يتكلم وهو نائم  بكلمات,"عند وفيوثنا طيْنا وسعنامع شيخ .كان حرق ق اللخبحه يكلم وهو نام يكلمات
",زام بكلمات عىد وهولنا طفنا وسعنا مع سيخ كان جارؤ فى ألخبوه نتكلم وهو
55,<PIL.JpegImagePlugin.JpegImageFile image mode=RGB size=1885x111 at 0x7D6DD1FD2150>,خازن عفيف للحج .  بدأت قوافل الحجيج حاج إثر آخر يلبي .,"خا ,4 كفيف للع . برا قواءل الحجهر عاج إث آجز يلن .
",حا ج إتر ~ قواغل كعط /} 3 سجه بدآ ت الحجي طلب
56,<PIL.JpegImagePlugin.JpegImageFile image mode=RGB size=1334x780 at 0x7D6DD1FD26D0>, واراق ، غيظ ، ناء ، بث ، نسر .,"عدا
ألم , جره 411
عرظل ذا ْ

َ

سى ) !.

: ل
",ناد ابت ( عط راراو
57,<PIL.JpegImagePlugin.JpegImageFile image mode=RGB size=2210x165 at 0x7D6DD1FD2C50>,بلغ أصحابنا ظ ع كـ ، ث خ ض، ب س ش، ص غ هـ أننا في الحج هل تعلم فائدة,"بلع أمحاما ظع ك١اث‏ م ضي؛ باه) شاءصاع ه أننا في الع .مد( على خا ثدة
",فا . حل تعلب ساش مغ دد 1 ننا في  اصحابنا ظع لاتاخ حابا الحج تدن
58,<PIL.JpegImagePlugin.JpegImageFile image mode=RGB size=2100x157 at 0x7D6DD1FD31D0>,وهلال خازن عفيف للحج.  بدأت قوافل الحجيج حاج إثر آخر,"نكل 7 اخىو
هلا عزيف عاج إشر
للدح . : ‎١‏
‏في
‏ل غازث 2
",الحجرج سدات دهلال خازن حيف للحح قوافل حاج اتسر خر
59,<PIL.JpegImagePlugin.JpegImageFile image mode=RGB size=2067x90 at 0x7D6DD1FD3750>,بدأت قوافل الحجيج حاج إثر آخر يلبي . عند وصولنا طفنا وسعينا مع شيخ . كان جاري في الخيمة,"دراات قوافل الحتيم حاج إثر آض لبى . عدن وصولن] طفم رسقيا مع شم . كام حارى ىن اكيسة
",ت اخيدا كا~ د رك طع رسئ ٣ سح حاج انر آنس اليس قوا ثل ت ونرولرا السبيج عدل
60,<PIL.JpegImagePlugin.JpegImageFile image mode=RGB size=2181x203 at 0x7D6DD1FD3CD0>,نائم  بكلمات لا أفهمها مثل انقض بغـلس له الضابط لزمتك.  سألت,"م 5 عٍِ
ع يلل سح 7ن آه 2 م ,
", تل ا آع ؟ت سآلت ر سنا ٩ ال فا سع ر آغها سفح علم
61,<PIL.JpegImagePlugin.JpegImageFile image mode=RGB size=2112x129 at 0x7D6DD1FDC290>,اوكسيد الكربون على الاطلاق . أو تقوم الكائنات الحية الدقيقه,"0 َ- إ سر 04
ارسي اللرور ل عر (دطلاي . او ضع اللاكنات ايع الرصمصه
",لرعها تفصم الهائزات اد ارسىي الرب ~ ء لاطلاف احن
62,<PIL.JpegImagePlugin.JpegImageFile image mode=RGB size=2082x139 at 0x7D6DD1FDC7D0>,المرتبطه  بنظام الشريعه العامه كالتسميه  عند الطعام وإفشاء السلام,"1 مم 9 م 7 ١6م‏ بر ‎١‏
‏حم م مشروص ا عا مسر ها لسسمسسسيم عا مصلا صر عقا رام
",> لصطاح واقسا حا تطام لشراء سر بجامس سصر ٢١ »  لهس~
63,<PIL.JpegImagePlugin.JpegImageFile image mode=RGB size=2322x159 at 0x7D6DD1FDCD10>,ذهب نوح مظفر ضرعام بصحبة رؤوف بن لؤي رايق ظافر عطعوط وهلال,"ذضه ن رأ مغل_مري)) تسوك رتعها نر لقك رادي ظا عطعوطا رمال
",دو مخلح صذءا ا لعاصً رروم لبدلؤا اص طا' عطعوط داملال دص
64,<PIL.JpegImagePlugin.JpegImageFile image mode=RGB size=2316x173 at 0x7D6DD1FDD290>,بإجمال:  إن دراست  القضايا الصرفيه الكثيره التي يحفل بها الشعى العربي,"بإجمال. إن دراست لعضان لعرضت آكتثرو لق شغل ديا لز تقرس
",لكرن ل صفل لها ا~ دراست لصدادا )اصرفات ; ٧٤٧ الشر ه لم
65,<PIL.JpegImagePlugin.JpegImageFile image mode=RGB size=399x495 at 0x7D6DD1FDD810>,للتبادل الحر,"مما دلد إردمس
",سا در | لدر
66,<PIL.JpegImagePlugin.JpegImageFile image mode=RGB size=2443x159 at 0x7D6DD1FDDD90>,ذهب نوح مطفر ضرغام بصحبة رؤوف بن لؤي رايق ظافر عطعوط وهلال خازن,"يدب دوج معلطر مطل ليم ر ؤدنبة لرذط ريق فلا ذ رعطبوط .رمه حار
",-لرا ر ارتطا نرعطلوط دصسط حار ^ لا ب~ رلب لود معنر مرنلم ددنرن 
67,<PIL.JpegImagePlugin.JpegImageFile image mode=RGB size=2236x95 at 0x7D6DD1FDE310>,تتكون المركبات العضوية من عنصري الكربون والأوكسجين بشكل أساسي وان,"تتعو د اكمركيات ‎١‏ مض يه عن عتصرب ا لكربوث و الالو كسجيس يتلل اساسب وا
",ية من عتصري الكربو- والاوكسجين بشل اساس وا- تتعوذ المركيات لعفر
68,<PIL.JpegImagePlugin.JpegImageFile image mode=RGB size=2119x110 at 0x7D6DD1FDE850>,حيث تعانى شعوب هذه الدول من الجفاف والمجاعة منذ اكثر من عشرة .,"ب دار عرب هزه الول صمر لحرا واكمجاى» صنز أك م صمر عله
",م~ع^ 6 الحفات والجاه منداكت ص الول صب نحار بتعرب ره
69,<PIL.JpegImagePlugin.JpegImageFile image mode=RGB size=2363x198 at 0x7D6DD1FDEE50>,على حال قبل الإسلام تمييزاً وتفريقاً لها عن الحالة التي صار عليها,"ادك صمل لاسلام تمسيزا شرق لحاعن الخال الحي با لي
",لهاع' الحالة تمبيراً عئ سمال قبل 9 الت صار الاسلام دعربهاا 
70,<PIL.JpegImagePlugin.JpegImageFile image mode=RGB size=2143x108 at 0x7D6DD1FDF350>,من غير معنى و لا سبب . ولكن حسه هذ  حس الصحراء، وليس في الصحراء غير نغم واحد ،,"و د عس) اتصطل و0 وليييى ل الصحرا و عير تعى وار |
دن عر معن ود سر . ولكن حسه هد ولد ف د سر لضي
",الصح ءا ولسه _ الصحر ا دسر مسح هن ولكن نمت من غي معن نعم وادمر  `)9 عء
71,<PIL.JpegImagePlugin.JpegImageFile image mode=RGB size=2450x173 at 0x7D6DD1FDF8D0>,ذهب نوح مظفر ضرغام بصحبة رؤوف بن لؤي رايق ظافر عطعوط وهلال,"الرق كه هدق د 0 2و2 إن رع ارو اناا روأ © ‎١‏
‏د هر نوح حظفر صر ناد رصحرة روو بن لود ىراسق هو صاء لا
",/119_ و ذ2ا نوح مظفرطر  ~ بصحا ر9وف بن لوورا ق طافر; دءر
72,<PIL.JpegImagePlugin.JpegImageFile image mode=RGB size=2025x1124 at 0x7D6DD1FDFE50>,أننا في الحج. هل تعلم فائدة الكلمات التالية لهذا النص: مشمش,"وتنأ ف انصع . صا تعلم ها د ة ورك لمان (رزادرة لمذ|النص : منمش
",فا عدة د6لمات النالبت لصذ االن هاا انسا ثب الحج تعلم مسش
73,<PIL.JpegImagePlugin.JpegImageFile image mode=RGB size=2092x120 at 0x7D6DD1FEC410>,"معها ، و من هذه الصور الكثيرة التي يقع فيها التشابه "" المثل الشعبي""","ساد اي ويتَ ريد كخدا النكتانت > الكل اتصتى 2
محراه وسمسئ يمرك الهيور ا للشمرة الى يعم 3ك ‎١‏ د 1

5-25
",الت  انتتا فسا آلت5 الك محا م وسن حرى الستني ببح المر
74,<PIL.JpegImagePlugin.JpegImageFile image mode=RGB size=1993x109 at 0x7D6DD1FEC990>,او نصوصاً طويله أْخذت منه، حتى يسهل علي الحكم من قراءتي.,"او دمومًا ملودلك أهنزن مزه » عتى حسهل عي الحكم من ذراء فى .
",مند ( حآى بسهل ال المكدمن فرا - تى او نصوما طودله آلزن
75,<PIL.JpegImagePlugin.JpegImageFile image mode=RGB size=2105x271 at 0x7D6DD1FECF10>,مما يؤدي الى بروز عصر مناخي جديد سماه العصر البشري.,"مما يؤدي أت بروز عمر ملاخي جديد سماء ١الحمر ‎١‏ لبر .
",` جدلد سماء يؤدي ا ك بروذ عصر مما منسا خ الممر لىسرى
76,<PIL.JpegImagePlugin.JpegImageFile image mode=RGB size=2345x177 at 0x7D6DD1FED490>,رهو نائم  بكلمات لا افهمها مثل انقض بغـلس له الضابط لزمنك,"©رنا د بل
: 1 1 (رمنل:
",ر  منل  لسفال ل القمل بعرلس ٠٧ دافم [ صد
77,<PIL.JpegImagePlugin.JpegImageFile image mode=RGB size=2280x154 at 0x7D6DD1FEDA10>,"مذهب الغالبية التي تجعل بداية  سنة ""115 ق  . م""، عرفنا أن تاريخ هذا النص",")| 0 00
هذهب ‎١‏ لذا ليرت الى تعل بحاي 5 )| ق. مأل عرننا ا عمإردخ هذا النس
",الغالمت الحى تمعل بدانق ن577 1 من هذا هب ق ا،عرعمًا آ تادبغخ النعع
78,<PIL.JpegImagePlugin.JpegImageFile image mode=RGB size=2252x140 at 0x7D6DD1FEDF90>, سنة 1888م، و كانت رحلته هذه جدا، إذا حصل على اثار,"نط 586 ام ء وكائت ر حلتدهده جد كا ذا حون على ادر
",اعء دا حمل عاى اثار جد حلح ماد ندنه 38 اص & وكانت
79,<PIL.JpegImagePlugin.JpegImageFile image mode=RGB size=1958x118 at 0x7D6DD1FEE510>,كثيره  والقناطر قليلة . وكانت الأحمال تنقل على ظهور البغال أو الخيل,"كتتره و ١لفناطر‏ ديلت وتانت الا مال تنعق عوصمهى ‎١‏ لغال ( اشل
","راففناطر مليلذ . وحانت الاعمال تنغل عهىطبهور اللخال } ,الخىل لتره"
80,<PIL.JpegImagePlugin.JpegImageFile image mode=RGB size=2328x133 at 0x7D6DD1FEEA90>,ونصوص وكتابات عربية كتبت بلهجات مختلفة   ، منها ما عثر عليه,,امسما عا غثعلد  حسلفه رسه لست رجبو رلتادات للدعحات
81,<PIL.JpegImagePlugin.JpegImageFile image mode=RGB size=2075x119 at 0x7D6DD1FEF010>,الاال متواضعة، وكانت تلك الطاقة مستمدة من الشمس التي تمثل عنصرا,"الال صيتواصى» 6 وكائحَ مَلْك الصرائهةمستمد هئ لمطمى افى مكل كيب ‎١‏
","حمحل ىرجدا كلك الطاق محمد م س اههت ٤لدال متواطآ, وكانت الع"
82,<PIL.JpegImagePlugin.JpegImageFile image mode=RGB size=1586x247 at 0x7D6DD1FEF590>,والعتبات وهنا تظهر المراوح الفيضية والهول الفيضية بدور عدد الاتصال.,"والععرد وتنا تلص لصاوي العيضرء عيضت ولعورل اهيز 5 داعال
",تظه كدر وا~٧٠٥  الححبت م هنا اله ا71 العرفد حيفه | اتقما ل لبدو/
83,<PIL.JpegImagePlugin.JpegImageFile image mode=RGB size=2130x152 at 0x7D6DD1FEFB10>,الصوبة الحضراء والتى يتكون معطمهَا من بخار المَاء، وثاني أكسيد,,وتانى معجم3 مئ بحا  المساد طمرء والق لعوبهً نشلوز آذلا
84,<PIL.JpegImagePlugin.JpegImageFile image mode=RGB size=2164x198 at 0x7D6DD1FF00D0>,هل بلغ أصحابنا ظ ع ك ، ث خ ض، ب س ش، ص غ ه,"مل لذ أمصِيما
مم : طاع : 1 سن سن

زرده 3 :.

ربا من » ن : صا

ْ م :

| 4
",0 ص ع ( ض . ب سس بلغ 1 صعان ظع ك ، تخ ل
85,<PIL.JpegImagePlugin.JpegImageFile image mode=RGB size=2473x182 at 0x7D6DD1FF0610>,وتتسح بالعمومية والتوحد في طبيعتها. وتضح المرحلة ستة صفوف تستغرق ست سنوات دراسية,"من صِمواتَ ‎١‏ (أيمه
حد ل
: ق تسرحرو
9 الى ا امد
مرسع ‎""١ ١‏
",وتفح لعدلة جرآ صطوق آسعو ست صحوات د رابده 9 ط لهومج 9 حدسح الترحد طببمتها. ف
86,<PIL.JpegImagePlugin.JpegImageFile image mode=RGB size=1242x927 at 0x7D6DD1FF0B90>,للمحافظه على حياتها في الدفاع والهجوم .,"للمحا 5 فى إزنرعا انلف حجوح .
وله عئ) سارها عي ‎١‏
‏: - 9
",وظه عكاحيابعا غيا لرغاع والحجو للمحا
87,<PIL.JpegImagePlugin.JpegImageFile image mode=RGB size=461x865 at 0x7D6DD1FF1110>,البحر.,"اببحر.:
",ابح `
88,<PIL.JpegImagePlugin.JpegImageFile image mode=RGB size=2278x109 at 0x7D6DD1FF1650>, عند وصولنا طفنا وسعينا مع شيخ. كان جاري في الخيمه يتكلم وهو نائم  بكلمات,"‎٠ 5‏ ال 2 -م 0
انا طؤنا سعنا سمصم. كال جاربن ها | ‎١‏
‏53 / ا تكلم 7
عمم وصو 5 ع و هونا شم كات
",وهونا ئم بلامات كال~ حارب با عند ومولنا طفناوسعينا مع احذم- | سيع
89,<PIL.JpegImagePlugin.JpegImageFile image mode=RGB size=2168x143 at 0x7D6DD1FF1B90>,"العهد ففيها فقرات كثيرة ن عم ""وهب"" أو آخرون قالوا ذلك على لسانه،","مك دشم وهب أو ا غررن قاللة لعل لمات
العدهر منيها نثرات كشيرة ] دحب انا مررن قالاى لكرعل
","مب"" أرآخررن فالرد و الدههد فيدانترات كثف ن>م سسا نت لك حالى"
90,<PIL.JpegImagePlugin.JpegImageFile image mode=RGB size=2318x123 at 0x7D6DD1FF2110>,في الحج.  هل تعلم فائدة الكلمات التاليه # لهذا النص: مشمس، دراق,"راى

خساعس ر) 0007
مد ‎١‏ “لمص
لي4
لدالء
""لكمات ‎١‏
‏22
‏عل كلم
5 الع ء
",ع درا 9 ٠ م 2رد الدًالام ، هل دحام حالان الحج  ستمس الذامان الرصر =4
91,<PIL.JpegImagePlugin.JpegImageFile image mode=RGB size=2377x147 at 0x7D6DD1FF2690>,ذهب نوح مظفر ضرغام بصحبة رؤوف بن لؤي رايق ظافر عطعوط وهلال خازن عفيف,"ذهب بوع فظفر عر خام لقسه ير ر واوى رن لوذن را لق طاح كمهوط و قلال مازن كمزرط
",كرع و ملال ط _ كطعو لر صرعاح لصدا~ ردوفا & 9/ د مظع ملاف لول را لق هن فازن
92,<PIL.JpegImagePlugin.JpegImageFile image mode=RGB size=2034x116 at 0x7D6DD1FF2C10>,في الخيمه يتكلم وهو نائم  بكلمات لا أفهمها مثل انقض بفـلس له الضابط لزمتك.,"2-2 2 : واه جلا اء 7 ‎٠‏ حلص *
إثاله سدق مهنا طارص مر ا عمرهها حل نص بطمن ذه الث رط شل '
",7 آمدعا عمل الصن بدسى نت الخاط ا زعىت انده بشد دحرنا ح بامات
93,<PIL.JpegImagePlugin.JpegImageFile image mode=RGB size=2107x151 at 0x7D6DD1FF3190>,لا أفهمها مثل انقض بغـلس له الضابط لزمتك. سألت راجح هل بلغ أصحابنا ظ ع ك ، ت خ ض،,"لذ أصيحها مكل | نمك تلنىاء االماييهط نه تلت. را ألمت ريع هبل بلج أمسحلنا كد ع لإ وز مل)
",امامه  متل ا لفآل بخلساب المابط لزمتك . رآلت رجح مل بلح ا صحاباظ ع ا6ك خص 
94,<PIL.JpegImagePlugin.JpegImageFile image mode=RGB size=2337x125 at 0x7D6DD1FF3710>,وفي جملة أسباب ضيق جزيرة العرب عن استيعاب العدد الكبير,", 1 م “نرة ايها ‎١‏
‏وف جلة اسان فيق حابر الغرره عرا دعاب العم |الكبير
",ستماب الهرا لسبر 1 عث جربره الحرب مىيق ا' ساس جسل<  وف
95,<PIL.JpegImagePlugin.JpegImageFile image mode=RGB size=1660x371 at 0x7D6DD1FF3C90>,على # تولي المسؤوليات وممارسة حقوقهم وتهيئتهم .,"حا > حولي الهوؤو ليا رت وعسار سك حم هم و مويشسها) :
",دنهيئتها تولي السووليت وممااس4 حعًو  عمى = قهم
96,<PIL.JpegImagePlugin.JpegImageFile image mode=RGB size=2364x138 at 0x7D6DD1FF8210>,ذهب نوح مظفر ضرغام بصحبة رؤوف بن لؤي رايق ظافر عطعوط وهلال,"فضت نوق 7 وطفر صسرعام بصحبة روف بن زؤه رانف ظاض عطعوط وصدل
",بصحبة رؤرف بن لود راله ظامرعطجوط وملال ? نوح دظفرمنرعا رم
97,<PIL.JpegImagePlugin.JpegImageFile image mode=RGB size=2406x159 at 0x7D6DD1FF8790>,يعد تفسخ وتحلل المركبات العضوية من اكبر مصادر غاز ثنائي,"حر تمر كلاح ع كان الحصويع سم كر مصاوع )ل ماقي
",عار ساب تصا 7 / سرم `  كًلل اع كماسا اعصوخ 7 لعر لفح
98,<PIL.JpegImagePlugin.JpegImageFile image mode=RGB size=2466x587 at 0x7D6DD1FF8D10>,توازن بىين النمو والإنتاج وجودة الثمار .,"موازن بجمى الصو ما ف ساب رجور ًِ ال ازاء
",0 الغورا إ لساج سوارن بىين لحار و ? 9د
99,<PIL.JpegImagePlugin.JpegImageFile image mode=RGB size=2141x146 at 0x7D6DD1FF9310>,امدا طويلا وأن آفات النسيان ونلاعب الزمان بالحفضـ لا بد ان يغير,"مرا جورلا ثرا ن أعناع اسان ول عم امرامان ,| ع مف ل بد ان بعر
",بداطوبلاوان أنات السبان ونلاعب ارامان ب حسخثادان لحم
100,<PIL.JpegImagePlugin.JpegImageFile image mode=RGB size=2226x207 at 0x7D6DD1FF9810>,عليها الأشعة السينية : وهي عبارة عن أشعة غيرمرئية ذات,"مسن الس _ر»

وى 7 5 .
",حلددا 1رد ذ درر  اسره ر 5 ` وهس عرا السب لبه سعه ئس ان ك
101,<PIL.JpegImagePlugin.JpegImageFile image mode=RGB size=2237x119 at 0x7D6DD1FF9D50>, يلبي.  عند وصولنا طفنا وسعينا مع شيخ كان جاري في الخيمة,"لسلس - عدر و صو لما مدقنا و ستعمندًا مع نشي عا ن دارى ق انكجدمهة
",لحىم  فى سنب كان صونرا لفنا رسعيذامع و علد  بلبر ارك
102,<PIL.JpegImagePlugin.JpegImageFile image mode=RGB size=1073x450 at 0x7D6DD1FFA2D0>,# غيظ ، ناء ،  بث ، # نسر .,"كا خيفل) ناء ) بث ) ص نر .
",ست ( = غرف( نسس ساء ت
103,<PIL.JpegImagePlugin.JpegImageFile image mode=RGB size=2445x450 at 0x7D6DD1FFA850>,كان يربط هذا النوع من التعليم .,"عاد يريط زمداالنوعو مم التمليمم.
",التمدم النوع رسن كان در ببط لحد
104,<PIL.JpegImagePlugin.JpegImageFile image mode=RGB size=1752x89 at 0x7D6DD1FFADD0>,مشمش ، دراق ، غيظ ، ناء ،  بث ، ننسر .,"3 اا 0 2
صمنسعسن . د ران علط حلاى درك نسسر
", دران اعح ( ساء ث ( مسمس نس
105,<PIL.JpegImagePlugin.JpegImageFile image mode=RGB size=2144x113 at 0x7D6DD1FFB350>,إلى حضرموت ومهرة في الجنوب، واليمن في الغرب، وعمان في الشرق . وفيها,"أ حهر مورت ومهرة 5 الجلوب ‎٠.‏ واليمني الح سعء وعمان ى السرق “وعمهيا
",ن ي السرف وصها  ءك حفرموث ومهرة _ الجئوب ٠ واليمن  الحرب و عها
106,<PIL.JpegImagePlugin.JpegImageFile image mode=RGB size=2084x161 at 0x7D6DD1FFB8D0>,فكانت الأرض تزرع كل عام ولكن خصبها كان يجدد مرة كل ثلاث سنين بزرع,"‎١ 5-2‏ < ته 5 1
ضكانت الارض تزرع كل عا| وأكلر حنصم و طكادر كد د حرة الزنم ©
",ضصبر ط~ حدد م5 لل ادتس _ ضحانت الارمن دزرع كل ءآ دنكر
107,<PIL.JpegImagePlugin.JpegImageFile image mode=RGB size=2327x284 at 0x7D6DD1FFBE50>,". و يتم عقد برامج ""ضمان اجتماعي"" للطلاب الذين لم يحققوا المستوى المطلوب في المرحلة","4 ٠

6 عد مرا مج « عا ن اجماي » للطللان الذ بن

أ حستو ‎١‏ امسو النطلون عي الئل :
",لمر دم » هما ن (٢ الن ىن الح حله  ك لرا مج اجماعي للطلال لحفو لستوء الطلو
108,<PIL.JpegImagePlugin.JpegImageFile image mode=RGB size=1949x141 at 0x7D6DD2008410>,فواضح ظاهر، ولا يمكن لأحد الشك فيه و أما أثرها فيما عدا ذلك، ولا سيما,"”م 0 . ' ذا د
مواضع ظاهرء المفك., لاحد الك ضك داما انوها ضما عذا د الناء دك مسموا
",السداصه داما ابرها ميماعدا دلكء داسما دانك ~ لاحسد ، فواضح ظاهر
109,<PIL.JpegImagePlugin.JpegImageFile image mode=RGB size=2161x115 at 0x7D6DD2008950>,بعد. وفي الجملة إن المؤرخ الحادق الناقد لن تفوته هذه الملاحظة حين,"سساحون الحصنداإن الحو رخ الحاد ى النافد لناتعوننا دهده اام خط 1 +حين؟
",الععتدإن المورخ الحادى النافدلرتفوثاهده ااماحاحين لعد رحم
110,<PIL.JpegImagePlugin.JpegImageFile image mode=RGB size=2343x179 at 0x7D6DD2008E90>, مع شيخ . كان جاري في الخيمه يتكلم وهو نائم  بكلمات لا افهمها مثل انقض بغـلس,"مع شرح كانه له : جا سكج قله التضيوه متكايم ومبرنات حراس لل افزئيزا عمل تقو دكلني ”
",كه التنء4 ٠ شع دمداح بجامات ل ا9ع ؤً ممًل ` حاله عه كام الطن سكلس
111,<PIL.JpegImagePlugin.JpegImageFile image mode=RGB size=1132x180 at 0x7D6DD2009410>,بدأت قوافل  الحجيج حاج إثر  آ خر  يلبي .,"أن ترافل | حجيج حاج 1م حر بلس ,
",فوا طل دأ ن الححبج حاج } ت~ ^ حر يلس
112,<PIL.JpegImagePlugin.JpegImageFile image mode=RGB size=2007x136 at 0x7D6DD2009990>,ث خ ص، ب س ش، ص غ هـ  أننا في الحج . هل تعلم فائدة الكلمات التالية,"تج مت ب ىش » ميغ عر (تنا الي ‎٠‏ ا تو عازرة الكانك لوال
",ال0ك |ل~ا توا )ننا فى 7 ل ع @ ( ث7  ب« هل عا سد6
113,<PIL.JpegImagePlugin.JpegImageFile image mode=RGB size=2377x1361 at 0x7D6DD2009F10>,في الحج،  هل تعلم فائدة الكلمات التالية لهذا النص: مشمش، دراق، غيظ، ناء ،  بث ، نسر  .,"ع الحج ‎١‏ صل تعاما عا .2 الكلمات التآلية لبذ لض :مسر إرراة - فيظهناء ابنء تير ..
",_ احل تعلعما فا نئى الحلئا $ ارراق - عيط ناء ا بت الجح التاً ليً لسد  الص مسمس  نس
114,<PIL.JpegImagePlugin.JpegImageFile image mode=RGB size=2205x178 at 0x7D6DD200A490>,وهلال خازن عفيف للحج .  بدأت قوافل الحجيج حاج إثر آخر يلبي,"ططلان انث . ةا عدت ا 5
. خاراك عشيي للتع . ندا نت كو ‎١‏ وا الادتيعو

ماج !ؤ ‎27١‏ يجو
",قوا فل نبد ا ست عس فيف و هلدل الدتيج حاج !3 آخر يلبى  حا دن تج
115,<PIL.JpegImagePlugin.JpegImageFile image mode=RGB size=2058x108 at 0x7D6DD200A9D0>,وسعينا مع شيخ. كان جاري في الخيمة يتكلم وهو نائم  بكلمات لا أفهمها مثل,"وسهينا مع بعر . حابذ سوارى فق العنمة يتكلم ودو ادم يتلمات ل الفرهصها صثل
",1 فرمصها حارء فق العنمة يتلم رخوبالم بتلمات ١ _سعنا مع مثل سابذ
116,<PIL.JpegImagePlugin.JpegImageFile image mode=RGB size=1893x153 at 0x7D6DD200AF50>,الحج  هل تعلم فائده الكلمات التاليه لهذا النص: مشمش، دراق، غيظ ،,"عبط 6
000-05 7 6 دراعم» -
كم زائره العفان المالمه زوز | ١الشهبي ‎٠‏ مسعصس
السعرع , يل دعم فاده
",م حط الدج . ملا تعاء فالده ا دجاحات المالية لهذا الص : مسمس 6( دراما
117,<PIL.JpegImagePlugin.JpegImageFile image mode=RGB size=1031x348 at 0x7D6DD200B4D0>, غيظ ، ناء ،  بث ، نسر,,"ناء ( بث , { عاط"
118,<PIL.JpegImagePlugin.JpegImageFile image mode=RGB size=1974x122 at 0x7D6DD200BA50>,والمهتمون بالبيئة. إذا يرى فريق من العلماء أن غازات الإحتباس,"ى ‎١‏ 2 سلا 1 3 ١ه‏ .و و١5‏
عور بالمبك>. اذ اشرب عرربو من العاعاء آنا غارا تالا ماس
",آنا غاراتالإ عىتاس < اد ار ماق منح امهحون بالسه العلءا
119,<PIL.JpegImagePlugin.JpegImageFile image mode=RGB size=2412x109 at 0x7D6DD200BFD0>,مؤثرة عند بداية الثورة الصناعية. إن تضاعف عدد سكان الكرة الأرضية,,الا ? ه سحا ~ را ~ دصاحم الماجه ~ ا- حه مسو ثرة لو رء عرد
120,<PIL.JpegImagePlugin.JpegImageFile image mode=RGB size=2174x249 at 0x7D6DD2014550>,قضية تشغل حيزا كبيرا من اهتمامات الراي العام . وكان مؤتمر ستوكهولم للبيئة,"ن١‏ ئى لءأ 3 7 لأن' و 2 34 لحر الميعه
‎١ ١ | ١ 2 *‏ .
قهن تَشْعل ميا لسرا 9 اميا م| | ص 7 ‎١١‏
",مر 1هم مصر تشغل جنا لسرا الرء العا ح  ولان للمرد- ما٧ مؤتمر ننوكهولم
121,<PIL.JpegImagePlugin.JpegImageFile image mode=RGB size=2403x274 at 0x7D6DD2014AD0>,ذهب  نوح مظفر ضرغام  بصحبة رؤوف بن لؤي  . بدأت قوافل,"""5 مم
‎٠‏ لم تلعااب صرامق
57 نعمام ؤم بها من لان -
ملسز برخم رع
صب مو 0

353
",اىرار لصد / داد@ صرعام لو ح حو داصب طجس س لو ل ا دلا
122,<PIL.JpegImagePlugin.JpegImageFile image mode=RGB size=866x393 at 0x7D6DD2015010>,متعاقبه من البشر.,,عقا مبه صل^
123,<PIL.JpegImagePlugin.JpegImageFile image mode=RGB size=2205x123 at 0x7D6DD2015590>,للحج .  بدات قوافل الحجيج حاج إثر آخر يلبي . عند وصولنا طفنا وسعينا مع شيخ #ان,"للحح . ات عوافل الحبرج صا وا ث آخريلبى١‏ يد وصبو لن١‏ لون وسسعبنا م سي هار
",طفا وسفاع سيح هال عذ 9 عاج ! ثرآطر بلى '  لان فومل صلولاا للحج الحدج
124,<PIL.JpegImagePlugin.JpegImageFile image mode=RGB size=1507x286 at 0x7D6DD2015B10>,ومن الاهتمام والعناية بالأشجار من جعة أخرى  .,"وهم الر صمام ر لعناية نالا مكار عثر حيه> | خرى
","عد مبهت , حرى الا ر لر عام وصر تبار الع'اة"
125,<PIL.JpegImagePlugin.JpegImageFile image mode=RGB size=2059x93 at 0x7D6DD2016090>, ب س ش، ص غ هـ أننا في الحج . هل تعلم فائدة الكلمات الكلمات التالية,"نف نس هل/ صعاع و ألما ع انج . هل تعلم طاكرةَ ١اهفات‏ ١الكمات‏ التاليع
",الامان التالح ا4ات ماتعلم  ائة عس »٤ » انا ئس سل /  الجج
126,<PIL.JpegImagePlugin.JpegImageFile image mode=RGB size=2187x116 at 0x7D6DD2016610>,مثل انقض بغـلس له الضابط لزمتك . سألت راجح هل بلغ أصحابنا ظ ع ك ،,"صل انعَهن بخله له الضابط فرسّك , سسأ فت راحم هل بلؤ أصضابًا ظاع لع 6
",الضابط لزصك سألتراجع هكبلح ٢صاببا ظع ك له انحطت لخلى محل
127,<PIL.JpegImagePlugin.JpegImageFile image mode=RGB size=2145x201 at 0x7D6DD2016B50>,بيئتنا و ماضينا لكي نساهم في مستقبل و حضارة هذه الأمة حتى تكون مشاركتنا,"تكو م[ ركما
متنا وسا ينا حي شاه م قبع وصطلارة صاء الآرة م تكر
",دما ?را د لسنا د449 ده 2 ٠اام9 ( تكوه م ا ركسا سي سام ا ستقدا
128,<PIL.JpegImagePlugin.JpegImageFile image mode=RGB size=2201x357 at 0x7D6DD20170D0>,المحكوم ، أساسا ، بمسألة السكن والمشاكل المترتبة عنها ، يقدم  دليلا قاطعاً,"ا مهاج أساماء عالْة سكن وال مما فل المتريية عنهها » يترم دلبلا تاطعة
","والثاط المرسبةً عهاء يقرم دليلا المجادً  أساساء بالً سان تاطعا """
129,<PIL.JpegImagePlugin.JpegImageFile image mode=RGB size=2228x93 at 0x7D6DD20176D0>,ذهب نوح مظفر ضرغام بصحبة رؤوف بن لؤي رايق ظافر عطعوط وهلال خازن عفيف,"ذهب ناح تلض جربا *1 نميه ررق سم لاي رالهم خلا عر عخعرط م صول حا زررعمين
",جعبة ردمف سبدلؤي راسه طا رعحعوط وصلال حا ر س~عمم ذهب نوع مثر مرنام
130,<PIL.JpegImagePlugin.JpegImageFile image mode=RGB size=2247x127 at 0x7D6DD2017BD0>,عفيف للحج . بدأت قوافل الحجيج حاج إثر آخر يلبي . عند وصولنا طفنا,"عمبى للح . براحت فوافل الحجيح حا ام أخر لبي . عدا وصولءاطؤزنا
","طفرا عند وصول ا , حاج ا نز ا> برآت موافل ع فببف ىبب الحدبج للحج"
131,<PIL.JpegImagePlugin.JpegImageFile image mode=RGB size=2045x99 at 0x7D6DD2020150>,لأنحاء العالم ،والاختلاف بين المصنفين والمربين في استخدام الصفات . وهنا اشدد,,اسدد لذحاءالعالم  والاحتلدفيالمصنفب والمربين فالحتىدام الهمفات 9 همدا
132,<PIL.JpegImagePlugin.JpegImageFile image mode=RGB size=2118x119 at 0x7D6DD2020690>,فوق هذا للحيل في النهارفي موسم الشتاء تعدت الصفر المئوي,"كوق صه١‏ دفيل 4 لمعا ر أ جع سير المعتاء عدت |رصم المسويا
",الصف امسود ذفدت ك الما موسع 3 اللثها رمي للفل م< | قر ق
133,<PIL.JpegImagePlugin.JpegImageFile image mode=RGB size=2140x503 at 0x7D6DD2020C10>,يليها في الترتيب المعرفة بطرق الامتخدام الآمن للمبيدات,"‎١‏ سس | 6 عر 8 1 ااام 1 اند
بليها ص الس ممب لمعرفة رؤرق الا ستحد م الزمر اللنعدا ن
",اسبيرات نحد  الامر الا المعرى  رهرد سرا ىلسها الحر
134,<PIL.JpegImagePlugin.JpegImageFile image mode=RGB size=2259x117 at 0x7D6DD2021190>,انتاج كميات من الغذاء والأدوات التي تزيد عن الحاجة،عندها دخل في مجال التجارة,"اشاح كبيات بن لعرار و الادوات الى ير عن لعاي-) عنركها د حل ش عن لنها رد
_ 4 نر بم مين محا د
",عندها دحل نن محال لددا من سحا الي نرد و الادد لعر  5 لت 2 ا7 سا اء جه ( :)/
135,<PIL.JpegImagePlugin.JpegImageFile image mode=RGB size=2050x101 at 0x7D6DD2021710>,له الضابط لزمتك.  ظ ع ك ، ث خ ض، ب س ش، ص غ ه اننا في الحج  النص,"لهالطقط لؤمئلع .ع ذع »دح من » ب سان ص عه امئاق الحمي النص
","| | اننا م ل  ثح ض , ب س س , صغ لهالضابط لدمنك . ظع لنص إلحم"
136,<PIL.JpegImagePlugin.JpegImageFile image mode=RGB size=2056x131 at 0x7D6DD2021C90>,مع الغلاف الجوي (71% من الغلاف الجوي يقع فوق هذه المسطحات,"عع الطلئف وض ١م‏ صم زو لذت رلا دمو قوم املك لسعو رم
",2? فس لولافت كراا صد الطااف جو )71( نود ع
137,<PIL.JpegImagePlugin.JpegImageFile image mode=RGB size=2112x138 at 0x7D6DD20221D0>,وجوده وإحساسه ببيئته فتفنن بها ،وكثر عطائها وتجاوبها مع إحساسه,"حت م احسامست إببرشاك ننقق .ها م كيو عط وار ظام بها مع لحساسه
","احساسه ا ,كزحطا و دجاد بها ببرلتء دت رحا > دود٥ سع |22` نه"
138,<PIL.JpegImagePlugin.JpegImageFile image mode=RGB size=2248x88 at 0x7D6DD2022710>,كثافة الهواء بها قليلة و تنخفض بها درجة الحرارة حتى,"كمتاحنة الحو ليل محا كام اله كن خؤءحن دها دو حك الدي لي © ليجل
",كتافةالمواء بهاقيلةونخفص بىادرىه الحااة حمى
139,<PIL.JpegImagePlugin.JpegImageFile image mode=RGB size=2356x1146 at 0x7D6DD2022C90>, هل تعلم فائدة الكلمات التالية لهذا النص: مشمش، دراق، غيظ، ناء ،  بث ، نسر,"هل حل تاشر ١لكفان‏ التالمات لها لالت مسشم ينح و راق , عط 6د ؛ بن شر
",مل بحل غاثره الكلات ال5الد7 لهذا ال~٥د : د3 ، ٥ ،٠ا، ل٥ ح محمد ، سر
140,<PIL.JpegImagePlugin.JpegImageFile image mode=RGB size=1249x516 at 0x7D6DD2023210>,ويمكن أن ننشأ الطاقه الميكانيكيه .,"ته هر
> حلت أن تلح"" الها قداليىا عه ‎٠‏
",ان نت  الطافه الحانه لعل
141,<PIL.JpegImagePlugin.JpegImageFile image mode=RGB size=2210x105 at 0x7D6DD2023790>,التعليم الثانوي # الإلزامي ، بالإضافة إلى اجتياز القبول ، أما التدريب المهني,"النعليم الحا

‎١6 ١ '‏ 3
: :أمى دأ - 8
رحد 3 -
",اللدربب امهنر ، اما بالاضانة الى اجتيا ` القبول  الدلزامي  الثابو -٣ العليم
142,<PIL.JpegImagePlugin.JpegImageFile image mode=RGB size=2000x149 at 0x7D6DD2023D10>,ظ ع ك ، ث خ ض ، ب س ش ، ص غ هـ أننا في الحج .,,اناءء |ك حنع ه [ ( ب سن سش ض ك ، ٥ح
143,<PIL.JpegImagePlugin.JpegImageFile image mode=RGB size=793x609 at 0x7D6DD202C2D0>,ناء ،  بث ، نسر .,"برك »© سير ‎٠.‏
‏ماء م ل
",( ناء ، نسر بث
144,<PIL.JpegImagePlugin.JpegImageFile image mode=RGB size=2381x155 at 0x7D6DD202C850>,في بعض الاماكن حيث تحفر جوانب التلال للوصول إلى قلب مناجم الملح المتحجرة، اوقد يفتت باستعمال,"ف نهى مانت حت تعمجو انب (لتال للومول إلى فلب منا بع املع (لمتقترة اوقد بت باسقدال
",فوهف ط مالن جث تحفجوانب التال للوعول إلى قلب منابه الملح المتعدق ا وقديفت باسقدال
145,<PIL.JpegImagePlugin.JpegImageFile image mode=RGB size=2433x104 at 0x7D6DD202CD90>,خلال اجتماع للجنة المركزية للحزب الشيوعي الصيني في بكين يوم 24 يناير 2009، بحث,"ولاق اجمّاك اللجنه- ل5:يد للخراب لثمو المي ي بكين يوم >؟ك سر 1..كمابحن
",علال اعتهاع للجمد- اركدبة للحرل الشوي الصينر ع بكين يوم ٢٤ يناير ٢٠٠٩ ا بح 
146,<PIL.JpegImagePlugin.JpegImageFile image mode=RGB size=2012x102 at 0x7D6DD202D2D0>,ذهب نوح مظفر ضرغام بصحبة رؤوف بن لؤي رايق ظافر عطعوط وهلال خازن,"ذهمس نب فلم يم ‎٠‏
‏د م مايه 0
: ودكوث س لؤتا را 1
مطهر سرعرو ى) لؤتا) راسى يام
و حا و طوحوط ه
مصلدل حجان
",ذهب نوآ مظفر ظرزام جحبه ددون لؤى داسو ظافدطحوط وهلال حازن
147,<PIL.JpegImagePlugin.JpegImageFile image mode=RGB size=2041x146 at 0x7D6DD202D850>,عفيف للحج .  بدأت قوافل الحجيج حاج إثر آخر يلبي . عند وصولنا ظفنا,"عضيق للح[ . دان تواعل الحجيج جاح ابر أخر رلبى . عذ وحببو لناظصا
",عد وصولنا طصا رلبى حاج الل دران قواخل عضف ا? آحر اامعبج
148,<PIL.JpegImagePlugin.JpegImageFile image mode=RGB size=2151x105 at 0x7D6DD202DDD0>,يتكلم وهو نائم  بكلمات لا أفهمها مثل انقض بغـسل له الضابط لزمتك. سألت راجح هل بلغ أصحابنا,"يتكلم وصو نائم بكلمات لدأ فهمصا مل انقض بغس لله الضايط لز متلٌ.سألتراجع صل دلعٌ ؟ صحابنا
",يتكلم وهونائم بكلمات ادا نممما متلانغض بعسللهلخابط لزمت . سألت راجع هل بلغ ٤ صحابنا
149,<PIL.JpegImagePlugin.JpegImageFile image mode=RGB size=2459x160 at 0x7D6DD202E310>,فعشتاروت بالنسبة للفينيقيين هي موطنهم الأصلي، ومعبودتهم هي رمز الحياة والجمال، وقد كانت أرضهم كأجمل ما تكون,"فمتشاروت رالسة الإ نيقبير: 00 5
ر روت را تسب افيد تيعيساهي الاسى زالمرا- :
يي سي ومعبورهم صمي عرز الامو لال ادقركات أ ضرعأ م لماعر
","طهم حا ممل ماتكون 5 للبمال ا دقرعات رهر باللسبة للفسويسدي معطنهم الأسلي < ومبددتكم صي , عمتتعا روت  الحياة و"
150,<PIL.JpegImagePlugin.JpegImageFile image mode=RGB size=2360x119 at 0x7D6DD202E850>,ثانيا- المستوى المهاري لزراع محافظه الخرج المبحوثين بالزراعه المستدامة : يتضح من الجىول,"ثانا - امستو ى امضهارى دزرام مدا فاه اللحرج امبحو تن باثز راعم اميه امم يتح وبر اهبر ل
",_ام : _ثب بالرراعم محا فله ثاند - هف الصرل الحرح الحبحز المسترى المها رى استه لزراع يتضح
151,<PIL.JpegImagePlugin.JpegImageFile image mode=RGB size=1017x455 at 0x7D6DD202EDD0>,في مجال الزراعه المستدامه متوسطا,"ص مجال ارام اعم امه متو ميذا
",متو مطا حي مجال الذراء المت امة
152,<PIL.JpegImagePlugin.JpegImageFile image mode=RGB size=2222x143 at 0x7D6DD202F310>,  بكلمات لا أفهمها  بغـلس له الضابط لزمتك. سألت راجح هل وصل أصحابنا ظ ع ك ،,"ديات لد ‎١‏ ذعها يحل لى لايد لرمتلك. ساللت ب عع عووصل محت الا ع لد
",سا لت فهما بعلمس ل~ لصناءط لرمتك كلمات ا محانا >عل  هل وصل اعح
153,<PIL.JpegImagePlugin.JpegImageFile image mode=RGB size=2051x144 at 0x7D6DD202F890>,عميقة  ومقابلة ما ورد فيها من قراءات للنصوص مع قراءات العلماء المحدثين,"عهيعه. و مقابله ما ' 0 5 مو
ورد قها هن كراءرات للد لمات ‎١‏
",لى فراءات الحلماا 9ها صن قراءات للدموص مع كميقه . و ممالآ المحد ما ورد
154,<PIL.JpegImagePlugin.JpegImageFile image mode=RGB size=2321x178 at 0x7D6DD202FE10>,شيخ. كان جاري في الخيمة يتكلم وهو نائم  بكلمات لا أفهمها مثل انقض بغـلس,"التسخ ‎٠‏ كانجاري فى إحيمة تكلم وهونام تكلا تل رأ ذهيها شل انتقرنقلى
",خي لحبمة يتلم ودعونام ت٢لهات لاافهمها فثا |لوص ! ترح كانجار لغلس
155,<PIL.JpegImagePlugin.JpegImageFile image mode=RGB size=1555x310 at 0x7D6DD20343D0>,موقع لاخر ومن وقت لاخر في المكان الواحد.,"2
عومج لا
مخر رمك ليث ل ‎١‏
‏/
‏ل إلوا حت ,
",وأوث لا حرءر المعال الواحد موعع لاحر وما
156,<PIL.JpegImagePlugin.JpegImageFile image mode=RGB size=2411x501 at 0x7D6DD2034910>,في النجاة؛ فع جبت من ذلك كل العجب.,"5< > يي بجعبما مت وحم لحيل كمال .
",ذاث <١٧ يمع جبسا من  لف - {  نمحب
157,<PIL.JpegImagePlugin.JpegImageFile image mode=RGB size=2431x152 at 0x7D6DD2034E90>,و لهذه الإبل رقاب كرقاب صغارالنعام ، و هي تقتحم البر ، و تأتيها بالفرج و تدراي,"ر لزنا يدر
","رر ا بالو & و@ لهئم البرا , اكا 0ر0 _ 0 ر نا  ثردا الب رنا ) النفا م /"
158,<PIL.JpegImagePlugin.JpegImageFile image mode=RGB size=2427x116 at 0x7D6DD20353D0>,"وفي أرض، اليمن عدد كبير من الحِرار، ذكر السياح بعضها، مثل حرة ""أرحب""، وتقع","و35 المت عا البحين عرد كين هن ااحزار م زكر السام تمصع © حمل حرج '! ارس '' ) وضع
",،' ٦رح ر| لمصعا - متل ح5 الحرارءا ذكرالسياح هن و3 ` رص مااللصن لرد كىىل ومع
159,<PIL.JpegImagePlugin.JpegImageFile image mode=RGB size=2017x195 at 0x7D6DD2035990>,مع الشيخ. كان جاري في الخيمة يتكلم وهو نائم  بكلمات,"أليم 5
‎٠ 2-- 6‏ كان حا ك5) ‎١‏
‏0 :
بأرىك> فى الخسهم د لهو تت
: - 9 نادم
",آلمات ئ الخبسآ بتكام وهو حار  س-ح كان نا رم
160,<PIL.JpegImagePlugin.JpegImageFile image mode=RGB size=2269x1167 at 0x7D6DD2035E90>,فاتدة الكلمات التالية لهذا النص: مشمش، دراق، نميظ، ناء ،  بث ، نسر .,"2-7 لات بالك ضما النص) حمح ) درق عزرظ » ناه » »ا دشر
",ا داق مث ع ناءاسا مشمس و` ره ) لمات لال< هدا النص ر
161,<PIL.JpegImagePlugin.JpegImageFile image mode=RGB size=2204x91 at 0x7D6DD2036410>,مثل انقض # بغـلس له الضابط لزمتك . سألت راجح هل بلغ أصحابنا ظ ع ك ، ث خ ض ، ب س ش ، ص غ هـ,"عل نكن بطع خلس ل الضاط لزعلا الت راطج طمل بلغ ‎١‏ وما ب اخ ع لك )ان جل ص © ب سى شل > ص بز حير
", ب س خ ، صغ - آلت اهح لحل بلعاهطابا ظعلك ،ث خصا مثل انكى ببطه بغلسي له الضاط )ز معلدا
162,<PIL.JpegImagePlugin.JpegImageFile image mode=RGB size=1939x125 at 0x7D6DD2036990>,جانيه أشجار الكافور التي تغطيه كله تقريبا، يذكرك بشوارع مدينة نانجينغ,"جما لبى اسار الكا مرا ل تعظي كلس تمر ريك ي نولل ديشوارع من بت | تتسيع
", دقريباء بنكرلا دشواع مديت نا لجبنع ` شبار عا لبب الكامور ا لن كل لغصص
163,<PIL.JpegImagePlugin.JpegImageFile image mode=RGB size=2004x177 at 0x7D6DD2036F10>,من الوفاة وشدة الوجد على الأولياء وهو من أعظم ما تقرب به العابدون,"دمن لوخاأة مسد 2 لوجد عل لآء ليا, ‎٠‏ وحور عن أعطم صاصرب يه لعا يدون
",دن لوخاة  سدة لاجدعل حن 2 ما مع لأءلباد أعظم عدعه لعا بدءن
164,<PIL.JpegImagePlugin.JpegImageFile image mode=RGB size=2027x135 at 0x7D6DD2037490>, راجح هل بلغ أصحابنا ظ ع ك ، ث خ ض، ب س ش، ص غ ه أننا في الحج.  هل تعلم فائدة,"/

/ أ 0

جع عل بلع عابنا ظع [ن ع ترز م 3
سم ص مات 2 ا ‎٠‏ 5 ,

20014 عه ١سا‏ ف ابر . مل صلى عاد
",/ ملتد ناسد ٢ ط٠٥٤ ثط ص با٧ثر، شا٥٤ ابنا مل بلع 1 صحا بحا ح2 الحج
165,<PIL.JpegImagePlugin.JpegImageFile image mode=RGB size=1822x129 at 0x7D6DD2037A10>,في الحج هل تعلم فائدة الكلمات التالية لهذا النص: مشمش,"تي الحج عل تعلم فائرة الكامات الحالية زيزارن. رمام
",تعلم فانرة الكلمات الساليه لهرا الحح م صشمس م الثص
166,<PIL.JpegImagePlugin.JpegImageFile image mode=RGB size=2341x203 at 0x7D6DD2037F90>,"و أما جزيرة ""تاروت"" الصغيرة التي في هذا الخليج فالظاهر إنها جزيرة في جغرافية","وآما حزبرة” نارون “' الصشرة ا ىن ال كاف ان سي 200
'ى ي هذا مالحرما للاهظر إهفاحزيره ق حدر امنة
",الفاحزلرة ف حذر ا9ة الصخيرة الآ يهذا الليجعا |( وآما حزيره ٠ كارول لظاهر
167,<PIL.JpegImagePlugin.JpegImageFile image mode=RGB size=2357x152 at 0x7D6DD203C550>,يلعب الأوزون دوراً كبيراً في وقاية كوكب الأرض من تأثيرات الأشعة فوق,"يلعن بز و رون ور ‎١‏
‏و ش ْ

مأ ى ج) رب

0 وقعارلة لوكب بزرحن

0 ٠ ٠. 7 1 ١

1 مراع :: 2-1 .
","موف تأ شرات , تعة ^   7 ا  وعارت كوكب كمل يلع ` وزون د ورا"
168,<PIL.JpegImagePlugin.JpegImageFile image mode=RGB size=2418x148 at 0x7D6DD203CA90>,ذهب نوح مظفر ضرغام بصحبة رؤوف بن لؤي رايق ظافر عطعوط وهلال خازن,"ا لضا امه ‎٠‏
‏غمه» لوج ئا حر حى ‏ ء ‎٠‏ 0 32 : :
مظع ر صرعا | وجرن تبر عه ررقف بن لذي مانفا ذلا مر حسطرموط وصلال خارزت
",وحلال خارت ات طا هي يحدوط رع ح ?  دود بن دلاء لود مظف صرغا م[ لوي
169,<PIL.JpegImagePlugin.JpegImageFile image mode=RGB size=2154x147 at 0x7D6DD203D010>, له الضابط لزمتك. سالت راجح هل بلغ أصحابنا ظ ع ك,"لت الخايم لزعكلث . هسائحه رإحيع حير بلغ امعادنات عر

0
",نالت اححع دربل الناع لزبتك اجاناطع ك
170,<PIL.JpegImagePlugin.JpegImageFile image mode=RGB size=2291x141 at 0x7D6DD203D550>,س ش، ص غ هـ أننا في الحج. هل تعلم فائدة الكلمات التالية لهذا النص: مشمش,"ناض وى ما أو الي الحم عل تعر نوج اولك الثالة دمذا لمعن ؛ مشمشو
",مل تعلج فاندة الللما الثاليةً لمذاالتحن ! مشمشر - انسنا لحح لر للا ( صاع م
171,<PIL.JpegImagePlugin.JpegImageFile image mode=RGB size=2052x96 at 0x7D6DD203DA90>,يسير الجمل متبخراً فخوراً بنفسه معتزاً،بطراً لا يقضم منها إلا ما يعتقد أنه طعام لذيذ له ،يقضم من موضع ثم,"دسي الممل مستحوا مسوراً
عمبحمما عورا ببطسه يم نهنا ممعم خا 1/1 تع ‎١‏
",_لاا يمم م' موضع ع بمس معم ا بلا لا يقط عما 1ل1 مايعمقد آئه بس الجمل متبحا محوراً طعام لديد
172,<PIL.JpegImagePlugin.JpegImageFile image mode=RGB size=2128x208 at 0x7D6DD203E010>,ندرة المعلومات ولا من حيث وضعها في سياق تاريخي منطقي، وذلك فيما,"لدرة المسفو ىن مم ره ورصيعا ل سات ذا ركنن معطو وذ لرن صر
",1 لررآ  اق ا وررص صث 0  رذلام ص| لمموما وصعها ركس منطف
173,<PIL.JpegImagePlugin.JpegImageFile image mode=RGB size=2082x106 at 0x7D6DD203E590>,طفنا وسعينا مع شيخ. كان جاري في الخيمة يتكلم وهو نائم  بكلمات لا أفهمها,,وهونالع بكلهات ط اذهمها مع سع  كان جاري ف الغبمة 9 طفنا سفينا يدكلم
174,<PIL.JpegImagePlugin.JpegImageFile image mode=RGB size=1842x586 at 0x7D6DD203EAD0>,نسبياً بعد اكتشاف النحاس والبرونز حيث أن عملية صهرهما .,"دحو ‎١‏ كتنثا م لنحاأ
2

|

و ‎١‏ لمرورر حب

لْ

عمل
",والردر حيت { كتسان لنحاس ددر لنسبد  دمس هما ن ععلد
175,<PIL.JpegImagePlugin.JpegImageFile image mode=RGB size=2456x95 at 0x7D6DD203F050>,ذهب نوح مظفر ضرغام بصحبه رؤوف بن لؤي رايق ظافر عطعوط وهلال خازن عفيف للحج.  بدأت قوافل,". 5 وه ا ‎٠‏ مئ ل 3 ألم 7 ام رح ألما
دمن نو ج موم” معام رصيو , رؤوف سن لوؤي ران 14م عشي ظ' و لا ل شار ن عضيف اانا
",بما ت فوامل ذمب نوح محم ضدعام بصجه رؤوف س لؤك رايق طاصسلوا وحلال خارل حخفا لدح
176,<PIL.JpegImagePlugin.JpegImageFile image mode=RGB size=1956x145 at 0x7D6DD203F590>,بقايا أنهار جفت، وتسيل في بعضها المياه عند سقوط الأمطار، ومنها,"دقايا أهار عفنت ؛ 3 تفيل كي بحههها اللياه عنر سقوط الثمطار؛ دري
",9ي نعصها 9 م دفت رقايا عذد سقوط الأمطار 4مذها آلهار تسيل اليان
177,<PIL.JpegImagePlugin.JpegImageFile image mode=RGB size=1948x202 at 0x7D6DD203FAD0>,ث خ ض  ب س ش  ص غ هـ  اننا في الحج  هل تعلم  فائدة الكلمات,"رذ راض بع باب تس ع رم ه اناق ١لا‏

2 صل ممم مالرة مما
",اننانى الحع حمم نح ص بم اس^ات ط لسعم حالدهً
178,<PIL.JpegImagePlugin.JpegImageFile image mode=RGB size=2299x151 at 0x7D6DD12CC090>,ذهب نوح مظفر ضرغام بصحبه رؤوف بق لؤي دايق ظافر عطعوط وهلال خازن,"ذمى د
وح 1

200
عركا
1

ورف 1
بق لي
ىل رام ‎1١‏
‏ضام
‏عمرعوط
‏ور نفلا
نى هار
",",هلال لو _ راح ظاز ل روون لوح سعف زهر زعام عصعوط لعره فازن"
179,<PIL.JpegImagePlugin.JpegImageFile image mode=RGB size=1982x116 at 0x7D6DD12CC610>,وسعينا مع # شيخ. # كان جاري في # الخيمة يتكلم وهو نائم  بكلمات,"سعنا مع تزع شخئ. يع كان هاري ض ضع انبمة بتكل وص نام بكفات
",بكما ت وهر نا - تحا ماري غ طء الحبة شع & ان مع دت )خ2
180,<PIL.JpegImagePlugin.JpegImageFile image mode=RGB size=1816x139 at 0x7D6DD12CCB90>,وتتحول بدلك من الحالة السائلة على شكل بخار ماء.,"د ند
تنتحو ذا بد
لك ناح الا سا
لي
حلم ف
يخال ما ,
",دتتحول بدلك من الهالةالسائلة عل سكابحارماء .
181,<PIL.JpegImagePlugin.JpegImageFile image mode=RGB size=2272x524 at 0x7D6DD12CD110>,تعلم فائدة الكلمات التالية لهذا النص: مشمس، دراق، غيظ ، ناء ،  بث ، نسر.,"نطم خاتدة الكالة التالية لهذ ا اللنص ‎١‏ مستمس.ء دراي , غيظ ع نكت 6 بنك ) نسر_
",نا_ ٠ بت ( نسل ا مستمس  دراق  غظ نطءفانده المامات التالية لهذ النص
182,<PIL.JpegImagePlugin.JpegImageFile image mode=RGB size=2453x142 at 0x7D6DD12CD690>,و يثير فيها عواطف الشجن المنبعثة من قسوة الحياة وشعها# و فقر الأرض، فتأخذ,"و دس رميسأ عواطف الععن اللبعمهة فل وو الحياة وشعراي وعمر ابن

0 1
يعن » منَا جر
",عواطف السشعن البعته م' قسوه الحياة دشداء وفقس اللا رصى ء متا خر و بسر _ حيها
183,<PIL.JpegImagePlugin.JpegImageFile image mode=RGB size=2269x141 at 0x7D6DD12CDBD0>,المحدثين في إدراك أهمية الدراسات الآثار.,"الفحد تين إدداك اهية الدراسان (لوثار -
",الدراسان الآتار ي ادراك  المحد اعه
184,<PIL.JpegImagePlugin.JpegImageFile image mode=RGB size=2027x96 at 0x7D6DD12CE110>,المسببة لظاهرة الإحتباس الحراري في الغلاف الجوي والتغير المناخي في إرتفاع درجة,"المسبة (ظاهرة الاإصتاس (راري يل (نقلاق اكوى و التكثر اللناضي حي إريقا) د رطه
",ارسا( درحه - اجول داللحر امناغي حي الاصبا الكراري ~ الفلاح مسبة لظاعة
185,<PIL.JpegImagePlugin.JpegImageFile image mode=RGB size=1978x128 at 0x7D6DD12CE650>,يتكلم وهو نائم  بكلمات لا أفهمها مثل انقض بغـلس له الضابط لزمتك. سألت راجح هل بلغ,"ينكلم وصو ناعم بكلمات لأ فعمصا نكل | نقض بفلس له الضا بط لزمتاك . سألتراجعصل بلغ
", بنلس له الفا بط لزمتك . سألت راجعهل بلغ نائم بكلمات لدأ فممما معل | يتنكلم ومو نقض
186,<PIL.JpegImagePlugin.JpegImageFile image mode=RGB size=1722x508 at 0x7D6DD12CEB90>,في هذا العمر المتعدم وني هذا النظام من الزراعة . المواد وطرق البحث :,"مد هذ العو | متعم وى هز | النظاح من الشرراحة . اللوار وطرق العث:
",المواد وطرق النظام من الزاحء لمستمر وني هز مرهز العث العمم
187,<PIL.JpegImagePlugin.JpegImageFile image mode=RGB size=2443x138 at 0x7D6DD12CF0D0>,مثل طريقة السرد، الخيال و المبالغة ، لا منطقية الأحداث . باختصار شديد,": 24> 1 2 سم زر 7 عه ا بنيعا ر لاعس ماس
ْ ( جم لسير ب >6 ذال ء الا لمة » لد عمعطعسه مد هساح ‎١‏ ا هعتسار م
",ا متسار ج~ سذ مدات لصال دالالة  ا محئ ح حتل مرتآ لمرد
188,<PIL.JpegImagePlugin.JpegImageFile image mode=RGB size=2352x128 at 0x7D6DD12CF610>,وكان الحصاد يتم بالأيدي والمناجل و فتخرج القرية أو العشيرة عن بكرة أبيها في الصباح,"وكام

امصاديص اا به قل د لعل عر متشريم المغترضيح أو المسشيرج عم بكرج برا ش20
",الترر= أرالء  5 حمم بكسء 11 -2 رالنا عل الآير ~ ا لحصاد زكا متحع
189,<PIL.JpegImagePlugin.JpegImageFile image mode=RGB size=2144x162 at 0x7D6DD12CFBD0>,يتكلم وهو نائم بكلمات لا أفهمها مثل انقض بفلس له الضابط لزمتك. سألت راجح هل بلغ,"يتكلم وو نانم بكلات ل أفونا مئل إنقض بفلس (ه إنايط لزيتلك . دألت راحم عل بل
",هل بلغ له افابط نذهتك يتام وهوناتم بباهت ٧ أفهمها مئال سالت بنلس  انقض رجح
190,<PIL.JpegImagePlugin.JpegImageFile image mode=RGB size=2041x138 at 0x7D6DD12DC0D0>, سألت راجح هل بلغ أصحابنا ظ ع ك ، ث خ ض، ب,"ما لمحت راجم جمد هد “جع بن١‏ ط 3ن دثج حل / ب
",حف / با بناظ_» ث7 غ راجع مل سا لت اصع 
191,<PIL.JpegImagePlugin.JpegImageFile image mode=RGB size=2384x1153 at 0x7D6DD12DC610>,مشمش، دراق، غيظ، ناء ،  بث ، نسر,,تا ء سر ع2 ، ناء دراف ( ممم
192,<PIL.JpegImagePlugin.JpegImageFile image mode=RGB size=1975x158 at 0x7D6DD12DCBD0>,قال والله فعلت. فقال الكندي : ما بعد الله شيء ! قال عمر : فكتفه,"مخال و الله معلت. عمال ١لكندى‏ : ءا
ل و شعلرتث معال لشدي : مابهد الله تفي »! قال كمر) زور .
",مابحد الله منيء ! قًال عقال مال والله نعلث اللدي كمر ' ضلما
193,<PIL.JpegImagePlugin.JpegImageFile image mode=RGB size=2486x174 at 0x7D6DD12DD190>,وهذا # ما فعلته حقا . حيث حققت السيدة دولينج مبيعات بلغت الآن 400 مليون نسخة,"لسر
ع اء : : . برام إلى ""' ‎١‏ ا
‎١ 2 9‏ مطعها ماغعلت حنًا. حسك حمفت السدة رد لبج منيران لات لان كل مان مسجم
",450 - ددلج مسان  لتث حيث حعًف السيدة و0` امطمعا ماغدلً حفًا ملول س لال
194,<PIL.JpegImagePlugin.JpegImageFile image mode=RGB size=2146x153 at 0x7D6DD12DD750>,وسعينا مع شيخ . كان جاري في الخيمه وهو نائم  بكلمات لا أفهمها مثل انقض,", بم ‎١‏ /
و سصما <. كا ىّ : : /
اخ سين مارى م سمه وطونام بكفا تلا أنممها مل ا تْمَص
",سشيخ . اثجاري ب? اجلمه وهواطم لكاماتلا افصمحا صل ا لمص  سميبا ح
195,<PIL.JpegImagePlugin.JpegImageFile image mode=RGB size=2122x177 at 0x7D6DD12DDD10>,وفقا للأرقام المعلنه للأرقام المعلنه في نهايه عام 2008 ،ألفت,"مضا لل امع العام للد جاع اطعلنومى ضماعه عام تمتك؟ ع ازيزى
",663? 6 الخر اخولنصى نانه المعلً لل عًام ومسعاً لر رعام ىاعم
196,<PIL.JpegImagePlugin.JpegImageFile image mode=RGB size=2111x216 at 0x7D6DD12DE2D0>, هو الأوطأ بالعالم (حوالي 400 متر تحت صلح الجر)،وهو أيضا أكبر,"«صواف ..
ع الت وط) بالحاثم

ما
صرر_
",) حوا موالدوطا بالعالم آت برتا `٦٠ عه سس اكبس  وهو
197,<PIL.JpegImagePlugin.JpegImageFile image mode=RGB size=1970x98 at 0x7D6DD12DE850>,أخرى.    3. # تطوير القدرة على المشاركة في الحياة الاجتماعية والثقافية والسياسية,"أحمى. # ص تطوير القدرة عل للتناركة ثم العياج الاصسمائية والنتا طية و اامبايب
",السلاسة 9 ٢ صم تعوبرالمدرة عا السارة  الحاة الاجتما عية والتقا حيم ٧٦ ٠
198,<PIL.JpegImagePlugin.JpegImageFile image mode=RGB size=1962x123 at 0x7D6DD12DEE10>, السابقين عن الإدارة العامة إلا إنه لم يعد # هنالك شك  في,"السابقين عن الإدائة العامة الا إندام بعد كه هتالك شلى و
",شل ء هتا ءلا الإدا5 العامة لسابقين عن ف إنه لم _ بعر لك
199,<PIL.JpegImagePlugin.JpegImageFile image mode=RGB size=2059x114 at 0x7D6DD12DF390>,جليدي زحفت خلالها الثلوج إلى وسط وجنوب أوربا وانخفضت خلالها,"1 ""ينح طخلا ليىا
‎١‏ : | برستت 83
ح لالجا الكلوي روفوسعغ وصوب اورباو
",ملىدى زصطت ملالها الثلوع رىءسط وصوب اوربا واحمحنت خلالها
