,image,ground_truth,trocr,qwenv2.5_3B,qwenv2.5_7B,smolvlm2,siglib2
0,<PIL.JpegImagePlugin.JpegImageFile image mode=RGB size=2142x141 at 0x793B441C58D0>,وصفاً مجملاً لحالة المغرب خلال سنة 2005، مثيراً ، في سياق ذلك ، التساؤلات الكبرى,,"""ومن (1) حاول أن تحل (2) معروفة [ ]، فنُصّر أريدك معي رداً.""",,,
1,<PIL.JpegImagePlugin.JpegImageFile image mode=RGB size=2159x228 at 0x793B441D2010>,وهلال خازن عفيف للحج .  بدأت قوافل الحجيج حاج إثر آخر يلبي,,محلل (أ) : نصيحة المجمع. يُذكر أنَّ نَصيحة المجمع تُستَخدَم في كلِّ الأحوال.,,,
2,<PIL.JpegImagePlugin.JpegImageFile image mode=RGB size=1508x404 at 0x793B441EC350>,النص: مشمش ، دراق ، غيظ ، ناء ،  بث ، نسر .,,النحى: مشقش، دراق، عينم، ناء، بث، نسر,,,
3,<PIL.JpegImagePlugin.JpegImageFile image mode=RGB size=1236x103 at 0x793B441EC910>,و هي التي جعلته كريما على فقره .,,"""وَأَنَا لَمْ أَكُنْ مِنَ الْخَالِقِينَ""",,,
4,<PIL.JpegImagePlugin.JpegImageFile image mode=RGB size=1873x110 at 0x793B441ECE90>,مثل أنقض بغـلس له الضابط لزمتك. سألت راجح هل أبلغ أصحابنا,,"""أنتَ تعلم أنه الطيب لا يفنى، سلامت راح ها أين؟""",,,
5,<PIL.JpegImagePlugin.JpegImageFile image mode=RGB size=2065x191 at 0x793B441ED490>,الأدب عامة ، و الأدب السعبي خاصة ، لمزيد من التقصي و البحث و التحليل ،,,"""لقد رأيت فيلمه، رأى رؤيتي، استيقظت حزناً، وحُزنٌ، وحُزنٌ، وحُزنٌ، وحُزنٌ، وحُزنٌ، وحُزنٌ، وحُزنٌ، وحُزنٌ، وحُزنٌ، وحُزنٌ، وحُزنٌ، وحُزنٌ، وحُزنٌ، وحُزنٌ، وحُزنٌ، وحُزنٌ، وحُزنٌ، وحُزنٌ، وحُزنٌ، وحُزنٌ، وحُزنٌ، وحُزنٌ، وحُزنٌ، وحُزنٌ، وحُزنٌ، وحُزنٌ، وحُزنٌ، وحُزنٌ، وحُزنٌ، وحُزنٌ، وحُزنٌ، وحُزنٌ، وحُزنٌ، وحُزنٌ، وحُزنٌ، وحُزنٌ، وحُزنٌ، وحُزنٌ، وحُزنٌ، وحُزنٌ، وحُزنٌ، وحُزنٌ، وحُزنٌ، وحُزنٌ، وحُزنٌ، وحُزنٌ، وحُزنٌ، وحُزنٌ، وحُزنٌ، وحُزنٌ، وحُزنٌ، وحُزنٌ، وحُزنٌ، وحُزنٌ، وحُزنٌ، وحُزنٌ، وحُزنٌ، وحُزنٌ، وحُزنٌ، وحُزنٌ، وحُزنٌ، وحُزنٌ، وحُزنٌ، وحُزنٌ، وحُزنٌ، وحُزنٌ، وحُزنٌ، وحُزنٌ، وحُزنٌ، وحُزنٌ، وحُزنٌ، وحُزنٌ، وحُزنٌ، وحُزنٌ، وحُزنٌ، وحُزنٌ، وحُزنٌ، وحُزنٌ، وحُزنٌ، وحُزنٌ، وحُزنٌ، وحُزنٌ، وحُزنٌ، وحُزنٌ، وحُزنٌ، وحُزنٌ، وحُزنٌ، وحُزنٌ، وحُزنٌ، وحُزنٌ، وحُزنٌ، وحُزنٌ، وحُزنٌ، وحُزنٌ، وحُزنٌ، وحُزنٌ، وحُزنٌ، وحُزنٌ، وحُزنٌ، وحُزنٌ، وحُزنٌ، وحُزنٌ، وحُزنٌ، وحُزنٌ، وحُزنٌ، وحُزنٌ، وحُزنٌ، وحُزنٌ، وحُزنٌ، وحُزنٌ، وحُزنٌ، وحُزنٌ، وحُزنٌ، وحُزنٌ، وحُزنٌ، وحُزنٌ، وحُزنٌ، وحُزنٌ، وحُزنٌ، وحُزنٌ، وحُزنٌ، وحُزنٌ، وحُزنٌ، وحُزنٌ، وحُزنٌ، وحُزنٌ، وحُزنٌ، وحُزنٌ، وحُزنٌ، وحُزنٌ، وحُزنٌ، وحُزنٌ، وحُزنٌ، وحُزنٌ، وحُزنٌ، وحُزنٌ، وحُزنٌ، وحُزنٌ، وحُزنٌ، وحُزنٌ، وحُزنٌ، وحُ",,,
6,<PIL.JpegImagePlugin.JpegImageFile image mode=RGB size=2177x189 at 0x793B441EDA50>,عفيف للحج .  بدأن قوافل الحجح حاج إن افر يلبي . عند وصولنا طفنا وسعينا هع شنح.,,"Here is the text from the image:

صحيح لجميع الأعداد الصحيحة، وعندما تأخذنا القيمة 1/2، نجد أن:",,,
7,<PIL.JpegImagePlugin.JpegImageFile image mode=RGB size=2039x124 at 0x793B441EE010>, هل تعلم فائدة الكلمات التالية لهذا النص: مشمش، دراق، غيظ، ناء,,"```
2^340 (1) ∂t ∂φ + ∂v ∂φ = 0, i.e. v (C) = b (i.e. v' = 0)
```",,,
8,<PIL.JpegImagePlugin.JpegImageFile image mode=RGB size=907x578 at 0x793B441EE5D0>,غيظ ، ناء ، بث ، نسر .,,غَيْظٌ، نَاءٌ، بَتٌ، نَسْرٌ.,,,
9,<PIL.JpegImagePlugin.JpegImageFile image mode=RGB size=1998x118 at 0x793B441EEB10>,والصراع  الحضاري قد  يأخذ  أشكالا  مادية - الصراع  على الوصول .,,"The text in the image appears to be in Arabic script and reads:

""العربية""",,,
10,<PIL.JpegImagePlugin.JpegImageFile image mode=RGB size=2168x120 at 0x793B441EF0D0>,كيلومتر في نهر جليدي درجة حرارته 8ر1 درجة تحت الصفر، مسجلا رقما قياسيا,,"""الصيام هو نصر يحيي (18, 20) و يُحيي (20, 21)""",,,
11,<PIL.JpegImagePlugin.JpegImageFile image mode=RGB size=2286x141 at 0x793B441EF690>,ناهيك عن الخسارهـ الفادحه للأخشاب و الثروة النباتيه و الحيوانيه والبشريه,,"""للمحل من الممكن أن يختار أحد الأشخاص أو المطور أو المدير أو المدير العام.""",,,
12,<PIL.JpegImagePlugin.JpegImageFile image mode=RGB size=2137x173 at 0x793B441EFC50>, ب س ش ص غ هـ أننا في الحج . هل تعلم فائدة الكلمات,,"""العربية، العربية، العربية، العربية، العربية، العربية، العربية، العربية، العربية، العربية، العربية، العربية، العربية، العربية، العربية، العربية، العربية، العربية، العربية، العربية، العربية، العربية، العربية، العربية، العربية، العربية، العربية، العربية، العربية، العربية، العربية، العربية، العربية، العربية، العربية، العربية، العربية، العربية، العربية، العربية، العربية، العربية، العربية، العربية، العربية، العربية، العربية، العربية، العربية، العربية، العربية، العربية، العربية، العربية، العربية، العربية، العربية، العربية، العربية، العربية، العربية، العربية، العربية، العربية، العربية، العربية، العربية، العربية، العربية، العربية، العربية، العربية، العربية، العربية، العربية، العربية، العربية، العربية، العربية، العربية، العربية، العربية، العربية، العربية، العربية، العربية، العربية، العربية، العربية، العربية، العربية، العربية، العربية، العربية، العربية، العربية، العربية، العربية، العربية، العربية، العربية، العربية، العربية، العربية، العربية، العربية، العربية، العربية، العربية، العربية، العربية، العربية، العربية، العربية، العربية، العربية، العربية، العربية، العربية، العربية، العربية، العربية، العربية، العربية، العربية، العربية، العربية، العربية، العربية، العربية، العربية، العربية، العربية، العربية، العربية، العربية، العربية، العربية، العربية، العربية، العربية، العربية، العربية، العربية، العربية، العربية، العربية، العربية، العربية، العربية، العربية، العربية، العربية، العربية، العربية، العربية، العربية، العربية، العربية، العربية، العربية، العربية، العربية، العربية، العربية، العربية، العربية، العربية، العربية، العربية، العربية، العربية، العربية، العربية، العربية، العربية، العربية، العربية، العربية، العربية، العربية، العربية، العربية، العربية، العربية، العربية، العربية، العربية، العربية، العربية، العربية، العربية، العربية، العربية، العربية، العربية، العربية، العربية، العربية، العربية، العربية، العربية، العربية، العربية، العربية، العربية، العربية، العربية، العربية، العربية، العربية، العربية، العربية، العربية، العربية، العربية، العربية، العربية، العربية، العربية، العربية، العربية، العربية، العربية، العربية، العربية، العربية، العربية، العربية، العربية، العربية، العربية، العربية، العربية، العربية، العربية، العربية، العربية، العربية، العربية، العربية، العربية، العربية، العربية، العربية، العربية، العربية، العربية، العربية، العربية، العربية، العربية، العربية، العربية، العربية، العربية، العربية، العربية، العربية، العربية، العربية، العربية، العربية، العربية، العربية، العربية، العربية، العربية، العربية، العربية، العربية، العربية، العربية، العربية، العربية، العربية، العربية، العربية، العربية، العربية، العربية، العربية، العربية، العربية، العربية، العربية، العربية، العربية، العربية، العربية، العربية، العربية، العربية، العربية، العربية، العربية، العربية، العربية، العربية، العربية، العربية، العربية، العربية، العربية، العربية، العربية، العربية، العربية، العربية، العربية، العربية، العربية، العربية، العربية، العربية، العربية، العربية، العربية، العربية، العربية، العربية، العربية، العربية، العربية، العربية، العربية، العربية، العربية، العربية، العربية، العربية، العربية، العربية، العربية، العربية، العربية، العربية، العربية، العربية، العربية، العربية، العربية، العربية، العربية، العربية، العربية، العربية، العربية، العربية، العربية، العربية، العربية، العربية، العربية، العربية، العربية، العربية، العربية، العربية، العربية، العربية، العربية، العربية، العربية، العربية، العربية، العربية، العربية، العربية، العربية، العربية، العربية، العربية، العربية، العربية، العربية، العربية، العربية، العربية، العربية، العربية، العربية، العربية، العربية، العربية، العربية، العربية، العربية، العربية، العربية، العربية، العربية، العربية، العربية، العربية، العربية، العربية، العربية، العربية، العربية، العربية، العربية، العربية، العربية، العربية، العربية، العربية، العربية، العربية، العربية، العربية، العربية، العربية، العربية، العربية، العربية، العربية، العربية، العربية، العربية، العربية، العربية، العربية، العربية، العربية، العربية، العربية، العربية، العربية، العربية، العربية، العربية، العربية، العربية، العربية، العربية، العربية، العربية، العربية، العربية، العربية، العربية، العربية، العربية، العربية، العربية، العربية، العربية، العربية، العربية، العربية، العربية، العربية، العربية، العربية، العربية، العربية، العربية، العربية، العربية، العربية، العربية، العربية، العربية، العربية، العربية، العربية، العربية، العربية، العربية، العربية، العربية، العربية، العربية، العربية، العربية، العربية، العربية، العربية، العربية، العربية، العربية، العربية، العربية، العربية، العربية، العربية، العربية، العربية، العربية، العربية، العربية، العربية، العربية، العربية، العربية، العربية، العربية، العربية، العربية، العربية، العربية، العربية، العربية، العربية، العربية، العربية،",,,
13,<PIL.JpegImagePlugin.JpegImageFile image mode=RGB size=2086x122 at 0x793B441F4250>,لايخطئ ، وهي أيضا ليست الإفراط في الواقعية والتى تعتبر,,"""إحصاء""",,,
14,<PIL.JpegImagePlugin.JpegImageFile image mode=RGB size=2465x114 at 0x793B441F4810>,فأما الأدله التاريخية المستقاة من المصادر الأدبيه فهي تنحصر في بعض الكتب,,"""تُعتبر هذه المقالة مُخصصة للأشخاص الذين يرغبون في تعلم المزيد عن (الاسم) في (الوقت).",,,
15,<PIL.JpegImagePlugin.JpegImageFile image mode=RGB size=2017x90 at 0x793B441F4DD0>,وعدم استقرار موظفي الوزارات والمسؤولين الإداريين ، عدم الاعتبار الممنهج للاستحقاق,,"""الدكتور / د. سليمان / م.م / أ.د / د. سليمان / د. سليمان / د. سليمان / د. سليمان / د. سليمان / د. سليمان / د. سليمان / د. سليمان / د. سليمان / د. سليمان / د. سليمان / د. سليمان / د. سليمان / د. سليمان / د. سليمان / د. سليمان / د. سليمان / د. سليمان / د. سليمان / د. سليمان / د. سليمان / د. سليمان / د. سليمان / د. سليمان / د. سليمان / د. سليمان / د. سليمان / د. سليمان / د. سليمان / د. سليمان / د. سليمان / د. سليمان / د. سليمان / د. سليمان / د. سليمان / د. سليمان / د. سليمان / د. سليمان / د. سليمان / د. سليمان / د. سليمان / د. سليمان / د. سليمان / د. سليمان / د. سليمان / د. سليمان / د. سليمان / د. سليمان / د. سليمان / د. سليمان / د. سليمان / د. سليمان / د. سليمان / د. سليمان / د. سليمان / د. سليمان / د. سليمان / د. سليمان / د. سليمان / د. سليمان / د. سليمان / د. سليمان / د. سليمان / د. سليمان / د. سليمان / د. سليمان / د. سليمان / د. سليمان / د. سليمان / د. سليمان / د. سليمان / د. سليمان / د. سليمان / د. سليمان / د. سليمان / د. سليمان / د. سليمان / د. سليمان / د. سليمان / د. سليمان / د. سليمان / د. سليمان / د. سليمان / د. سليمان / د. سليمان / د. سليمان / د. سليمان / د. سليمان / د. سليمان / د. سليمان / د. سليمان / د. سليمان / د. سليمان / د. سليمان / د. سليمان / د. سليمان / د. سليمان / د. سليمان / د. سليمان / د. سليمان / د. سليمان / د. سليمان / د. سليمان / د. سليمان / د. سليمان / د. سليمان / د. سليمان / د. سليمان / د. سليمان / د. سليمان / د. سليمان / د. سليمان / د. سليمان / د. سليمان / د. سليمان / د. سليمان / د. سليمان / د. سليمان / د. سليمان / د. سليمان / د. سليمان / د. سليمان / د. سليمان / د. سليمان / د. سليمان / د. سليمان / د. سليمان / د. سليمان / د. سليمان / د. سليمان / د. سليمان / د. سليمان / د. سليمان / د. سليمان / د. سليمان / د. سليمان / د. سليمان / د. سليمان / د. سليمان / د. سليمان / د. سليمان / د. سليمان / د. سليمان / د. سليمان / د. سليمان / د. سليمان / د. سليمان / د. سليمان / د. سليمان / د. سليمان / د. سليمان / د. سليمان / د. سليمان / د. سليمان / د. سليمان / د. سليمان / د. سليمان / د. سليمان / د. سليمان / د. سليمان / د. سليمان / د. سليمان / د. سليمان / د. سليمان / د. سليمان / د. سليمان / د",,,
16,<PIL.JpegImagePlugin.JpegImageFile image mode=RGB size=2135x149 at 0x793B441F5390>,مع شيخ. كان جاري في الخيمة يتكلم وهو نائم  بكلمات لا أفهمها مثل انقض بغـلس,,"""مُسْجِدٌ، كَانَ جَزِيرَةٌ وَكَانَهُ يَبْنِي فِي مَوْهَبَتِهِ وَيُبْنِي فَاتِّقًا إِلَى ١٠٠٠٠٠٠٠٠٠٠٠٠٠٠٠٠٠٠٠٠٠٠٠٠٠٠٠٠٠٠٠٠٠٠٠٠٠٠٠٠٠٠٠٠٠٠٠٠٠٠٠٠٠٠٠٠٠٠٠٠٠٠٠٠٠٠٠٠٠٠٠٠٠٠٠٠٠٠٠٠٠٠٠٠٠٠٠٠٠٠٠٠٠٠٠٠٠٠٠٠٠٠٠٠٠٠٠٠٠٠٠٠٠٠٠٠٠٠٠٠٠٠٠٠٠٠٠٠٠٠٠٠٠٠٠٠٠٠٠٠٠٠٠٠٠٠٠٠٠٠٠٠٠٠٠٠٠٠٠٠٠٠٠٠٠٠٠٠٠٠٠٠٠٠٠٠٠٠٠٠٠٠٠٠٠٠٠٠٠٠٠٠٠٠٠٠٠٠٠٠٠٠٠٠٠٠٠٠٠٠٠٠٠٠٠٠٠٠٠٠٠٠٠٠٠٠٠٠٠٠٠٠٠٠٠٠٠٠٠٠٠٠٠٠٠٠٠٠٠٠٠٠٠٠٠٠٠٠٠٠٠٠٠٠٠٠٠٠٠٠٠٠٠٠٠٠٠٠٠٠٠٠٠٠٠٠٠٠٠٠٠٠٠٠٠٠٠٠٠٠٠٠٠٠٠٠٠٠٠٠٠٠٠٠٠٠٠٠٠٠٠٠٠٠٠٠٠٠٠٠٠٠٠٠٠٠٠٠٠٠٠٠٠٠٠٠٠٠٠٠٠٠٠٠٠٠٠٠٠٠٠٠٠٠٠٠٠٠٠٠٠٠٠٠٠٠٠٠٠٠٠٠٠٠٠٠٠٠٠٠٠٠٠٠٠٠٠٠٠٠٠٠٠٠٠٠٠٠٠٠٠٠٠٠٠٠٠٠٠٠٠٠٠٠٠٠٠٠٠٠٠٠٠٠٠٠٠٠٠٠٠٠٠٠٠٠٠٠٠٠٠٠٠٠٠٠٠٠٠٠٠٠٠٠٠٠٠٠٠�",,,
17,<PIL.JpegImagePlugin.JpegImageFile image mode=RGB size=2038x119 at 0x793B441F5950>, نائم بكلمات لا أفهمها مثل انقض بغلس له الضابط لزمتك. سألت راجع هل بلغ,,"""الدكتور مصطفى خليل، أستاذ في قسم الآثار والحضارة بجامعة القاهرة.""",,,
18,<PIL.JpegImagePlugin.JpegImageFile image mode=RGB size=1234x527 at 0x793B441F5F10>,دراق، غيظ، ناء ،  بث ، نسر.,,"""دَرَافِنَّ، نَبَثُ، نَلْلَلُ.""",,,
19,<PIL.JpegImagePlugin.JpegImageFile image mode=RGB size=1960x114 at 0x793B441F65D0>,الواردة عن ملوك الحيرة وعرب الحيرة، أنداد الغساسنة، ولذلك لم تكن في جانبهم، وتكاد,,"""العربية، العربية، العربية، العربية، العربية، العربية، العربية، العربية، العربية، العربية، العربية، العربية، العربية، العربية، العربية، العربية، العربية، العربية، العربية، العربية، العربية، العربية، العربية، العربية، العربية، العربية، العربية، العربية، العربية، العربية، العربية، العربية، العربية، العربية، العربية، العربية، العربية، العربية، العربية، العربية، العربية، العربية، العربية، العربية، العربية، العربية، العربية، العربية، العربية، العربية، العربية، العربية، العربية، العربية، العربية، العربية، العربية، العربية، العربية، العربية، العربية، العربية، العربية، العربية، العربية، العربية، العربية، العربية، العربية، العربية، العربية، العربية، العربية، العربية، العربية، العربية، العربية، العربية، العربية، العربية، العربية، العربية، العربية، العربية، العربية، العربية، العربية، العربية، العربية، العربية، العربية، العربية، العربية، العربية، العربية، العربية، العربية، العربية، العربية، العربية، العربية، العربية، العربية، العربية، العربية، العربية، العربية، العربية، العربية، العربية، العربية، العربية، العربية، العربية، العربية، العربية، العربية، العربية، العربية، العربية، العربية، العربية، العربية، العربية، العربية، العربية، العربية، العربية، العربية، العربية، العربية، العربية، العربية، العربية، العربية، العربية، العربية، العربية، العربية، العربية، العربية، العربية، العربية، العربية، العربية، العربية، العربية، العربية، العربية، العربية، العربية، العربية، العربية، العربية، العربية، العربية، العربية، العربية، العربية، العربية، العربية، العربية، العربية، العربية، العربية، العربية، العربية، العربية، العربية، العربية، العربية، العربية، العربية، العربية، العربية، العربية، العربية، العربية، العربية، العربية، العربية، العربية، العربية، العربية، العربية، العربية، العربية، العربية، العربية، العربية، العربية، العربية، العربية، العربية، العربية، العربية، العربية، العربية، العربية، العربية، العربية، العربية، العربية، العربية، العربية، العربية، العربية، العربية، العربية، العربية، العربية، العربية، العربية، العربية، العربية، العربية، العربية، العربية، العربية، العربية، العربية، العربية، العربية، العربية، العربية، العربية، العربية، العربية، العربية، العربية، العربية، العربية، العربية، العربية، العربية، العربية، العربية، العربية، العربية، العربية، العربية، العربية، العربية، العربية، العربية، العربية، العربية، العربية، العربية، العربية، العربية، العربية، العربية، العربية، العربية، العربية، العربية، العربية، العربية، العربية، العربية، العربية، العربية، العربية، العربية، العربية، العربية، العربية، العربية، العربية، العربية، العربية، العربية، العربية، العربية، العربية، العربية، العربية، العربية، العربية، العربية، العربية، العربية، العربية، العربية، العربية، العربية، العربية، العربية، العربية، العربية، العربية، العربية، العربية، العربية، العربية، العربية، العربية، العربية، العربية، العربية، العربية، العربية، العربية، العربية، العربية، العربية، العربية، العربية، العربية، العربية، العربية، العربية، العربية، العربية، العربية، العربية، العربية، العربية، العربية، العربية، العربية، العربية، العربية، العربية، العربية، العربية، العربية، العربية، العربية، العربية، العربية، العربية، العربية، العربية، العربية، العربية، العربية، العربية، العربية، العربية، العربية، العربية، العربية، العربية، العربية، العربية، العربية، العربية، العربية، العربية، العربية، العربية، العربية، العربية، العربية، العربية، العربية، العربية، العربية، العربية، العربية، العربية، العربية، العربية، العربية، العربية، العربية، العربية، العربية، العربية، العربية، العربية، العربية، العربية، العربية، العربية، العربية، العربية، العربية، العربية، العربية، العربية، العربية، العربية، العربية، العربية، العربية، العربية، العربية، العربية، العربية، العربية، العربية، العربية، العربية، العربية، العربية، العربية، العربية، العربية، العربية، العربية، العربية، العربية، العربية، العربية، العربية، العربية، العربية، العربية، العربية، العربية، العربية، العربية، العربية، العربية، العربية، العربية، العربية، العربية، العربية، العربية، العربية، العربية، العربية، العربية، العربية، العربية، العربية، العربية، العربية، العربية، العربية، العربية، العربية، العربية، العربية، العربية، العربية، العربية، العربية، العربية، العربية، العربية، العربية، العربية، العربية، العربية، العربية، العربية، العربية، العربية، العربية، العربية، العربية، العربية، العربية، العربية، العربية، العربية، العربية، العربية، العربية، العربية، العربية، العربية، العربية، العربية، العربية، العربية، العربية، العربية، العربية، العربية، العربية، العربية، العربية، العربية، العربية، العربية، العربية، العربية، العربية، العربية، العربية، العربية، العربية، العربية، العربية، العربية، العربية، العربية، العربية، العربية، العربية، العربية، العربية، العربية، العربية، العربية، العربية، العربية، العربية، العربية، العربية، العربية،",,,
20,<PIL.JpegImagePlugin.JpegImageFile image mode=RGB size=2156x126 at 0x793B441F6A50>,الخاصة ببرامج العمل  الوطنية  إلى  أن الدولة  تضطلع  إلى  حد,,"""أنا، [الاسم]، [العنوان]، [العنوان الثاني]، [العنوان الثالث]، [العنوان الرابع]، [العنوان الخامس]""",,,
21,<PIL.JpegImagePlugin.JpegImageFile image mode=RGB size=2261x108 at 0x793B441F7010>,فإذا حان وقت النوم وضعت الحشيات على الأرض أو على أسّرة منخفضة من الخشب,,"""مقدمة في تحليل البيانات باستخدام R""",,,
22,<PIL.JpegImagePlugin.JpegImageFile image mode=RGB size=1679x146 at 0x793B441F7690>,الأحرار بأجر نقدي ، واستأجروا عمالاً أحراراً يعملون,,"""أو أبسط من ذلك، نظريّة (2) أو أبسط من ذلك، نظريّة (1)""",,,
23,<PIL.JpegImagePlugin.JpegImageFile image mode=RGB size=2212x140 at 0x793B441F7B90>,ذهب نوح مظفر ضرغام بصحبة رؤوف بن لؤي رايق ظافر عطعوط وهلال,,"""أولى الأهداف الأساسية للجهاز الأمني هي الحفاظ على النظام العام وحماية السكان والمتاحف والمتاحف والمتاحف والمتاحف والمتاحف والمتاحف والمتاحف والمتاحف والمتاحف والمتاحف والمتاحف والمتاحف والمتاحف والمتاحف والمتاحف والمتاحف والمتاحف والمتاحف والمتاحف والمتاحف والمتاحف والمتاحف والمتاحف والمتاحف والمتاحف والمتاحف والمتاحف والمتاحف والمتاحف والمتاحف والمتاحف والمتاحف والمتاحف والمتاحف والمتاحف والمتاحف والمتاحف والمتاحف والمتاحف والمتاحف والمتاحف والمتاحف والمتاحف والمتاحف والمتاحف والمتاحف والمتاحف والمتاحف والمتاحف والمتاحف والمتاحف والمتاحف والمتاحف والمتاحف والمتاحف والمتاحف والمتاحف والمتاحف والمتاحف والمتاحف والمتاحف والمتاحف والمتاحف والمتاحف والمتاحف والمتاحف والمتاحف والمتاحف والمتاحف والمتاحف والمتاحف والمتاحف والمتاحف والمتاحف والمتاحف والمتاحف والمتاحف والمتاحف والمتاحف والمتاحف والمتاحف والمتاحف والمتاحف والمتاحف والمتاحف والمتاحف والمتاحف والمتاحف والمتاحف والمتاحف والمتاحف والمتاحف والمتاحف والمتاحف والمتاحف والمتاحف والمتاحف والمتاحف والمتاحف والمتاحف والمتاحف والمتاحف والمتاحف والمتاحف والمتاحف والمتاحف والمتاحف والمتاحف والمتاحف والمتاحف والمتاحف والمتاحف والمتاحف والمتاحف والمتاحف والمتاحف والمتاحف والمتاحف والمتاحف والمتاحف والمتاحف والمتاحف والمتاحف والمتاحف والمتاحف والمتاحف والمتاحف والمتاحف والمتاحف والمتاحف والمتاحف والمتاحف والمتاحف والمتاحف والمتاحف والمتاحف والمتاحف والمتاحف والمتاحف والمتاحف والمتاحف والمتاحف والمتاحف والمتاحف والمتاحف والمتاحف والمتاحف والمتاحف والمتاحف والمتاحف والمتاحف والمتاحف والمتاحف والمتاحف والمتاحف والمتاحف والمتاحف والمتاحف والمتاحف والمتاحف والمتاحف والمتاحف والمتاحف والمتاحف والمتاحف والمتاحف والمتاحف والمتاحف والمتاحف والمتاحف والمتاحف والمتاحف والمتاحف والمتاحف والمتاحف والمتاحف والمتاحف والمتاحف والمتاحف والمتاحف والمتاحف والمتاحف والمتاحف والمتاحف والمتاحف والمتاحف والمتاحف والمتاحف والمتاحف والمتاحف والمتاحف والمتاحف والمتاحف والمتاحف والمتاحف والمتاحف والمتاحف والمتاحف والمتاحف والمتاحف والمتاحف والمتاحف والمتاحف والمتاحف والمتاحف والمتاحف والمتاحف والمتاحف والمتاحف والمتاحف والمتاحف والمتاحف والمتاحف والمتاحف والمتاحف والمتاحف والمتاحف والمتاحف والمتاحف والمتاحف والمتاحف والمتاحف والمتاحف والمتاحف والمتاحف والمتاحف والمتاحف والمتاحف والمتاحف والمتاحف والمتاحف والمتاحف والمتاحف والمتاحف والمتاحف والمتاحف والمتاحف والمتاحف والمتاحف والمتاحف والمتاحف والمتاحف والمتاحف والمتاحف والمتاحف والمتاحف والمتاحف والمتاحف",,,
24,<PIL.JpegImagePlugin.JpegImageFile image mode=RGB size=1133x816 at 0x793B116F4150>,"لفظ ""أخبار"" بمعنى ""تاريخ""،",,"""لَفظُ ""أَخْبَارٌ"" يَعْنِي ""تَارِيخٌ"".""",,,
25,<PIL.JpegImagePlugin.JpegImageFile image mode=RGB size=2096x116 at 0x793B116F4710>,حياً لدلالاتة القديمة في الأدب الشعبي المعاصر سواء في مشرق الوطن ومغربه ونستعرض,,صَاحِبُهُ الدِّيْعِيُّ يَا أَسْمَىٰ إِنْجِيٌّ حَيٌّ يَسْتَوِي لَهُ وَمَوْزٍ وَسَمِيعٌ,,,
26,<PIL.JpegImagePlugin.JpegImageFile image mode=RGB size=2068x127 at 0x793B116F4CD0>, ظ ع ك ، ث خ ض، ب س ش، ص غ هـ أننا في الحج هل تعلم فائدة الكلمات التالية لهذا النص:,,"""الله لا إله إلا هو، الحمد لله، والصلاة والسلام على سيدنا محمد (صلى الله عليه وسلم)""",,,
27,<PIL.JpegImagePlugin.JpegImageFile image mode=RGB size=2129x116 at 0x793B116F5290>,بمهمة التدريب مراتز المعلمين والجامعات ، وذلك تحت إشراف وزارة العلوم,,"""الجبر والهندسة المثلثية""",,,
28,<PIL.JpegImagePlugin.JpegImageFile image mode=RGB size=2318x414 at 0x793B116F5850>,الزراعية والريفية،,,1. الحرية والرّاحة,,,
29,<PIL.JpegImagePlugin.JpegImageFile image mode=RGB size=2235x147 at 0x793B116F5E10>,سألت راجح هل بلغ أصعابنا ط ع ك ، ث خ ص، ب س ش، ص غ ه,,"""لقد تم إجراء المعادلات في كندا، حيث تم تطبيقها على مجموعة من البيانات.""",,,
30,<PIL.JpegImagePlugin.JpegImageFile image mode=RGB size=2143x87 at 0x793B116F63D0>,في خفض درجة الحرارة الارص . ومن حانب اخر تمنع الاشعة الحرارية,,"""من محمد وعبد الحراز اموي وها حابب آخر دمت في كرسي""",,,
31,<PIL.JpegImagePlugin.JpegImageFile image mode=RGB size=2470x153 at 0x793B116F6990>,فألفو ذلك وقد هلك من العرب من هلك بالموت والقتل، فحفظوا أقل ذلك، وذهب,,"""من رجوعنا إلى مقدمة هذا الكتاب، نحن نجد أن الفكرة التي تُصَفَّح فيها في هذا الجزء، وسمعتها من قبل، هي:""

This translates to:

""From our return to the beginning of this book, we find that the idea being discussed here is:""

If you need any further assistance or have additional questions, feel free to ask!",,,
32,<PIL.JpegImagePlugin.JpegImageFile image mode=RGB size=1992x113 at 0x793B116F6F50>,أن العقيدة كلما اقتربت من فكرة التدحيد والايمان بالحياة الأخرى.,,السؤال: إذا كانت المسافة 56 كم، وسرعة السّرعة 120 كم/ساعة، فإن مدة الرحلة هي؟,,,
33,<PIL.JpegImagePlugin.JpegImageFile image mode=RGB size=2155x158 at 0x793B116F74D0>, لا أفهمها مثل انقض بغـلس له الضابط لزمتك. سألت راجح هل بلغ,,"""لا تُصوِّرْ أَنْصَارَيْكَ إِلَّا أَصْدَادًا لِرَحْمَتِي، سَأَلِّفُكُمْ رَحْمَةً.""",,,
34,<PIL.JpegImagePlugin.JpegImageFile image mode=RGB size=2240x132 at 0x793B116F7A90>,شهد القرن الماضي إرتفاعاً ملحوظاً في معدلات درجات الحرارة,,"""الإرادة المطلقة (أو محدودة) سلوكيًا،""",,,
35,<PIL.JpegImagePlugin.JpegImageFile image mode=RGB size=2353x87 at 0x793B116FC090>,حتى لا تكون هناك قطيعة تامة، وارتفعت بذلك السواحل الغربية، نتيجة انخساف الأرض،,,"""الدكتور محمد نصر الدين""",,,
36,<PIL.JpegImagePlugin.JpegImageFile image mode=RGB size=2129x127 at 0x793B116FC650>, لزمتك . سألت راجح هل بلغ أصحابنا ظ ع ك ، ث خ ض  ، ب س ش ، ص غ هـ,,"\[
\alpha \in \left( \frac{1}{2}, 1 \right), \quad \beta \in \left( \frac{1}{2}, 1 \right), \quad \gamma \in \left( \frac{1}{2}, 1 \right)
\]",,,
37,<PIL.JpegImagePlugin.JpegImageFile image mode=RGB size=2002x166 at 0x793B116FCC10>,عفيف للحج . بدأت قوافل الحجيج حاج إثر   آخر يلبي .,,"""لَمْ يَكُنَّ أَحَدٌ مِنْهُمْ يَتَّبِعُ إِلَٰهًا ۖ وَإِنَّ اللَّهَ لَمَثَّلَ إِلَٰهَهُمْ بِمَا كَانُوا يُشْرِكُونَ""",,,
38,<PIL.JpegImagePlugin.JpegImageFile image mode=RGB size=1982x1030 at 0x793B116FD1D0>,في الحج . هل تعلم فائدهـ الكلمات التالية لهذا النص : مشش ،,,"""في لحاج، هل تعلم عائدهم أحكامه؟ إنما الله: متنشر.""",,,
39,<PIL.JpegImagePlugin.JpegImageFile image mode=RGB size=2193x136 at 0x793B116FD790>,متوازن. وقد اتخذت مقاطع كتابة تشيان لونغ قوتها وحيويتها من السمات,,"""مذكوراً، وقد أخذت من مقالة (2) فقرة تُشير إلى وجود عوائق وتحديات في المدارس.""",,,
40,<PIL.JpegImagePlugin.JpegImageFile image mode=RGB size=2431x173 at 0x793B116FDD50>,ذهب نوح مظفى ضرغام بصحبة دؤوف بن لؤي رايق ظافر عطعوط .وهلال خازن,,"""أين نحن؟ وما هو أصلنا؟ وعندما نكون في رحلة، نقوم بعملية تأمين على الأموال.""",,,
41,<PIL.JpegImagePlugin.JpegImageFile image mode=RGB size=1755x821 at 0x793B116FE310>,"الكلمات التالية لهذا النص: مشمش , دراق , غيظ، ناء ,  بث , نس .",,العلمات التالية لها الفهم: مفهوم، دراسة، تعلم، ناهض، نصي.,,,
42,<PIL.JpegImagePlugin.JpegImageFile image mode=RGB size=1972x86 at 0x793B116FE8D0>,للحج.  بدأت قوافل الحجيج حاج إثر آخر يلبي.  عند وصولنا طفنا وسعينا مع شيخ.,,"""لديهم خبرة في تطوير وتنفيذ مشاريع تكنولوجيا المعلومات.""",,,
43,<PIL.JpegImagePlugin.JpegImageFile image mode=RGB size=1958x98 at 0x793B116FEE90>,أخرى من العجز  من قبيل تفضيل هيمنة النظرة القطاعية الضيقة ؛ والكفاءة غير المتساوية,,"""الحريَّة، الحرية، الحرية، الحرية، الحرية، الحرية، الحرية، الحرية، الحرية، الحرية، الحرية، الحرية، الحرية، الحرية، الحرية، الحرية، الحرية، الحرية، الحرية، الحرية، الحرية، الحرية، الحرية، الحرية، الحرية، الحرية، الحرية، الحرية، الحرية، الحرية، الحرية، الحرية، الحرية، الحرية، الحرية، الحرية، الحرية، الحرية، الحرية، الحرية، الحرية، الحرية، الحرية، الحرية، الحرية، الحرية، الحرية، الحرية، الحرية، الحرية، الحرية، الحرية، الحرية، الحرية، الحرية، الحرية، الحرية، الحرية، الحرية، الحرية، الحرية، الحرية، الحرية، الحرية، الحرية، الحرية، الحرية، الحرية، الحرية، الحرية، الحرية، الحرية، الحرية، الحرية، الحرية، الحرية، الحرية، الحرية، الحرية، الحرية، الحرية، الحرية، الحرية، الحرية، الحرية، الحرية، الحرية، الحرية، الحرية، الحرية، الحرية، الحرية، الحرية، الحرية، الحرية، الحرية، الحرية، الحرية، الحرية، الحرية، الحرية، الحرية، الحرية، الحرية، الحرية، الحرية، الحرية، الحرية، الحرية، الحرية، الحرية، الحرية، الحرية، الحرية، الحرية، الحرية، الحرية، الحرية، الحرية، الحرية، الحرية، الحرية، الحرية، الحرية، الحرية، الحرية، الحرية، الحرية، الحرية، الحرية، الحرية، الحرية، الحرية، الحرية، الحرية، الحرية، الحرية، الحرية، الحرية، الحرية، الحرية، الحرية، الحرية، الحرية، الحرية، الحرية، الحرية، الحرية، الحرية، الحرية، الحرية، الحرية، الحرية، الحرية، الحرية، الحرية، الحرية، الحرية، الحرية، الحرية، الحرية، الحرية، الحرية، الحرية، الحرية، الحرية، الحرية، الحرية، الحرية، الحرية، الحرية، الحرية، الحرية، الحرية، الحرية، الحرية، الحرية، الحرية، الحرية، الحرية، الحرية، الحرية، الحرية، الحرية، الحرية، الحرية، الحرية، الحرية، الحرية، الحرية، الحرية، الحرية، الحرية، الحرية، الحرية، الحرية، الحرية، الحرية، الحرية، الحرية، الحرية، الحرية، الحرية، الحرية، الحرية، الحرية، الحرية، الحرية، الحرية، الحرية، الحرية، الحرية، الحرية، الحرية، الحرية، الحرية، الحرية، الحرية، الحرية، الحرية، الحرية، الحرية، الحرية، الحرية، الحرية، الحرية، الحرية، الحرية، الحرية، الحرية، الحرية، الحرية، الحرية، الحرية، الحرية، الحرية، الحرية، الحرية، الحرية، الحرية، الحرية، الحرية، الحرية، الحرية، الحرية، الحرية، الحرية، الحرية، الحرية، الحرية، الحرية، الحرية، الحرية، الحرية، الحرية، الحرية، الحرية، الحرية، الحرية، الحرية، الحرية، الحرية، الحرية، الحرية، الحرية، الحرية، الحرية، الحرية، الحرية، الحرية، الحرية، الحرية، الحرية، الحرية، الحرية، الحرية، الحرية، الحرية، الحرية، الحرية، الحرية، الحرية، الحرية، الحرية، الحرية، الحرية، الحرية، الحرية، الحرية، الحرية، الحرية، الحرية، الحرية، الحرية، الحرية، الحرية، الحرية، الحرية، الحرية، الحرية، الحرية، الحرية، الحرية، الحرية، الحرية، الحرية، الحرية، الحرية، الحرية، الحرية، الحرية، الحرية، الحرية، الحرية، الحرية، الحرية، الحرية، الحرية، الحرية، الحرية، الحرية، الحرية، الحرية، الحرية، الحرية، الحرية، الحرية، الحرية، الحرية، الحرية، الحرية، الحرية، الحرية، الحرية، الحرية، الحرية، الحرية، الحر",,,
44,<PIL.JpegImagePlugin.JpegImageFile image mode=RGB size=2246x161 at 0x793B116FF450>,للحج . بدأت  قوافل الحجيج  حاج إثر آخر يلبي . عند وصولنا طفنا وسعينا مع شيخ كان جاري,,"```
[29]
بِدْأتَ عَوْقَبَةُ الْعَجَّالِ حَيْثُ أَنَا أَخْفَضُ إِلَى مَسْتَعْمَلَهُمْ شَيْئًا كَأَنَّهُمْ
```",,,
45,<PIL.JpegImagePlugin.JpegImageFile image mode=RGB size=2412x97 at 0x793B116FFA10>,اليىئة ليست ما يحيط بنا عن قرب فقط و إنما كل شئ تىضمنه الكرة الأرضية  ، وتعتير الغابات,,"""إليك كيف تصبح رائجًا، دعنا نستعرض كيف تصبح رائجًا""",,,
46,<PIL.JpegImagePlugin.JpegImageFile image mode=RGB size=2421x322 at 0x793B116FFFD0>,ومن السياح الذين اختلطوا بقبائل بلاد العرب ، ولا سيما في بلاد الأنباط، من التجار وأصحاب,,وَمَا الْمَيِّتُ إِذَا خَطَأَ مَا بَيْنَهُمْ وَلا مَعَهُ فِي بَيْدَارٍ (رَبُّهُم) أَثْقَالٌ,,,
47,<PIL.JpegImagePlugin.JpegImageFile image mode=RGB size=2246x169 at 0x793B117045D0>,أو المحلية شبه الرسمية المستخدمة في المجتمعات المستقلة، بالإضافة إلى البدء في تعلم لغة,,"""وَإِنْ أَمَّرْتُكُمْ بِالْجَاهِلِينَ فِي الْبَيَانِ مَا حَمَدْتُكُمْ وَأَبْدَىٰ فِي كُلِّ رَجُلٍ""",,,
48,<PIL.JpegImagePlugin.JpegImageFile image mode=RGB size=2312x187 at 0x793B11704C10>,خوليا  دام عدة أيام اجزاء من المانيا وتسبب بفيضانات شديدة,,"""أَمْ جُزَاءَ مَنْ أَعَادَ إِلَيْهِمْ دَوْرًا مِّنْ ذَٰلِكَ ۚ وَتَسْبِبُونَ لِلْحَقِّ إِلَى الْمُتَّقِينَ""",,,
49,<PIL.JpegImagePlugin.JpegImageFile image mode=RGB size=1551x568 at 0x793B11705150>,: مشمش، دراق، غيظ ، ناء ،  بث ، نسر .,,مُشْتَنِر، رَدَاف، فِيْط، مُنْذِر، بِنْ، نَسْر.,,,
50,<PIL.JpegImagePlugin.JpegImageFile image mode=RGB size=1979x97 at 0x793B11705710>,وهلال خازن عفيف للجج. بدأت قوافل الحجيج حاج إثر آخر يلبي .,,"""لصحيح إجماع، بدأت في 1444/2023، وأُصدر بخطيّة.""",,,
51,<PIL.JpegImagePlugin.JpegImageFile image mode=RGB size=2484x172 at 0x793B11705CD0>,وىعي الطريقة الطبيعية للتطريد في النحل وبها يزيد من عدد طوائفه.يخزن النحل الصغير العسل في أعلى القرص,,"""وَعُدْ لِلْمَرْحَةِ الْأَطْبَابِيَّةِ أَن تُجْرِيَ الْمَرْحَةُ مِنْ صَارَانَكَ كَذَا وَأَنْ تُجْرِيَ الْمَرْحَةُ مِنْ صَارَانَكَ كَذَا""",,,
52,<PIL.JpegImagePlugin.JpegImageFile image mode=RGB size=1776x118 at 0x793B11706250>,بكلمات لا افهها مثل انقض بغلس له الضابط لنعتك . سألت راجح,,"""بكلمات دينهم شاء دعالي (لا) إلا أبا (أنا) ت (راهم)""",,,
53,<PIL.JpegImagePlugin.JpegImageFile image mode=RGB size=2194x157 at 0x793B11706810>,وسعينا مع شيخ. كان جاري في الخيمة يتكلم وهو نائم  بكلمات لا أفهمها مثل,,و لا تَبْعِدْ عِنِّي، كُن حَارِقًا وَوَجْهُكَ لِكَلِمَاتِي (١٠),,,
54,<PIL.JpegImagePlugin.JpegImageFile image mode=RGB size=2013x114 at 0x793B11706DD0>, عند وصولنا طفنا وسعينا مع شيخ .كان جاري في الخيمه يتكلم وهو نائم  بكلمات,,"Here's the text extracted from the image:

""أحدكم أنتِ، نحنُ نعيشُ في الحرية، نحنُ نعيشُ في الحرية، نحنُ نعيشُ في الحرية، نحنُ نعيشُ في الحرية.""",,,
55,<PIL.JpegImagePlugin.JpegImageFile image mode=RGB size=1885x111 at 0x793B11707390>,خازن عفيف للحج .  بدأت قوافل الحجيج حاج إثر آخر يلبي .,,"""لكل قيمة إيجابية، فإن |x| = x.""",,,
56,<PIL.JpegImagePlugin.JpegImageFile image mode=RGB size=1334x780 at 0x793B11707910>, واراق ، غيظ ، ناء ، بث ، نسر .,,"""دارم، غيظ، ناد، ابتث، نصر.""",,,
57,<PIL.JpegImagePlugin.JpegImageFile image mode=RGB size=2210x165 at 0x793B11707ED0>,بلغ أصحابنا ظ ع كـ ، ث خ ض، ب س ش، ص غ هـ أننا في الحج هل تعلم فائدة,,"""إذاً، مهما كان حاولت أن تحللها، لا تزال تبدو متشابهة مع بعضها البعض، مما يجعلها غير مميزة. أنا أرى الصعوبات في التمييز والتفريق.""",,,
58,<PIL.JpegImagePlugin.JpegImageFile image mode=RGB size=2100x157 at 0x793B117144D0>,وهلال خازن عفيف للحج.  بدأت قوافل الحجيج حاج إثر آخر,,"""هلا و حيييييييييييييييييييييييييييييييييييييييييييييييييييييييييييييييييييييييييييييييييييييييييييييييييييييييييييييييييييييييييييييييييييييييييييييييييييييييييييييييييييييييييييييييييييييييييييييييييييييييييييييييييييييييييييييييييييييييييييييييييييييييييييييييييييييييييييييييييييييييييييييييييييييييييييييييييييييييييييييييييييييييييييييييييييييييييييييييييييييييييييييييييييييييييييييييييييييييييييييييييييييييييييييييييييييييييييييييييييييييييييييييييييييييييييييييييييييييييييييييييييييييييييييييييييييييييييييييييييييييييييييييييييييييييييييييييييييييييييييييييييييييييييييييييييييييييييييييييييييييييييييييييييييييييييييييييييييييييييييييييييييييييييييييييييييييييييييييييييييييييييييييييييييييييييييييييييييييييييييييييييييييييييييييييييييييييييييييييييييييييييييييييييييييييييييييييييييييييييييييييييييييييييييييييييييييييييييييييييييييييييييييييييييييييييييييييييييييييييييييييييييييييييييييييييييييييييييييييييييييييييييييييييييييييييييييييييييييييييييييييييييييييييييييييييييييييييييييييييييييييييييييييييي",,,
59,<PIL.JpegImagePlugin.JpegImageFile image mode=RGB size=2067x90 at 0x793B11714A90>,بدأت قوافل الحجيج حاج إثر آخر يلبي . عند وصولنا طفنا وسعينا مع شيخ . كان جاري في الخيمة,,"The text in the image appears to be mathematical notation, but it is not clear what specific equation or formula it represents. It seems to be a combination of symbols and variables that could be part of a larger mathematical expression or theorem. Here is a breakdown of the components:

- \( \mathcal{C} \)
- \( \tilde{c} \)
- \( j \)
- \( \mathcal{I} \)
- \( \mathcal{J} \)
- \( \mathcal{S} \)
- \( \mathcal{P} \)
- \( \mathcal{R} \)
- \( \mathcal{Q} \)
- \( \mathcal{U} \)
- \( \mathcal{V} \)
- \( \mathcal{W} \)
- \( \mathcal{X} \)
- \( \mathcal{Y} \)
- \( \mathcal{Z} \)

These symbols likely represent different sets, functions, or operators in a mathematical context. Without additional context or a specific problem statement, it's difficult to determine the exact meaning or purpose of this notation. If you have more information about the context or the intended use of these symbols, I would be happy to help further.",,,
60,<PIL.JpegImagePlugin.JpegImageFile image mode=RGB size=2181x203 at 0x793B11715050>,نائم  بكلمات لا أفهمها مثل انقض بغـلس له الضابط لزمتك.  سألت,,"""٢٠١٩ أفريل متن اغفند بلدي ٩ الفاتح / فنادك سأنت""",,,
61,<PIL.JpegImagePlugin.JpegImageFile image mode=RGB size=2112x129 at 0x793B11715610>,اوكسيد الكربون على الاطلاق . أو تقوم الكائنات الحية الدقيقه,,"""أكسيجين | أكسجين (طريقة) | أكسجين (طريقة)""",,,
62,<PIL.JpegImagePlugin.JpegImageFile image mode=RGB size=2082x139 at 0x793B11715BD0>,المرتبطه  بنظام الشريعه العامه كالتسميه  عند الطعام وإفشاء السلام,,"""أَشْتَمُّ بِنَا، أَنْهَرَ مَا لَمْ يَسْتَطِعْ مِنْ (عَلَى) وَ(فَضْلَ)""",,,
63,<PIL.JpegImagePlugin.JpegImageFile image mode=RGB size=2322x159 at 0x793B11716190>,ذهب نوح مظفر ضرعام بصحبة رؤوف بن لؤي رايق ظافر عطعوط وهلال,,"""الدكتور (محمود مصطفى) ، أستاذ جامعي، (23/10/1972 - 15/04/2022)، أستاذ في كلية الآداب والعلوم الإنسانية، جامعة الأزهر.""",,,
64,<PIL.JpegImagePlugin.JpegImageFile image mode=RGB size=2316x173 at 0x793B11716710>,بإجمال:  إن دراست  القضايا الصرفيه الكثيره التي يحفل بها الشعى العربي,,"""الحروف والرموز التي لا يمكن ترجمتها إلى لغة أخرى، ونستخدمها في البرمجة والكود.""",,,
65,<PIL.JpegImagePlugin.JpegImageFile image mode=RGB size=399x495 at 0x793B11716CD0>,للتبادل الحر,,"""للبابا دند / دند""",,,
66,<PIL.JpegImagePlugin.JpegImageFile image mode=RGB size=2443x159 at 0x793B11717290>,ذهب نوح مطفر ضرغام بصحبة رؤوف بن لؤي رايق ظافر عطعوط وهلال خازن,,"""وَإِنْ خَلَّيْتُمْ مِنْ أَهْلِ الْجِبَالِ زَرْعَةً فَأَنْتُمْ كُنتُمْ كُفُوًا وَبُعْدًا""",,,
67,<PIL.JpegImagePlugin.JpegImageFile image mode=RGB size=2236x95 at 0x793B11717850>,تتكون المركبات العضوية من عنصري الكربون والأوكسجين بشكل أساسي وان,,"""نُوَرْنَا أَيْمَانَهُمْ فِي سَبِيلِ اللَّهِ إِلَّا أَن يُصْحِبُوا مَن يُصْحِبُونَ""",,,
68,<PIL.JpegImagePlugin.JpegImageFile image mode=RGB size=2119x110 at 0x793B11717E10>,حيث تعانى شعوب هذه الدول من الجفاف والمجاعة منذ اكثر من عشرة .,,"""لَمْ يُجِبَ نَارٌ أَسْمَعُ لَهُ أَرْوَىٰ ۱۰۰۰۰۰۰۰۰۰۰۰۰۰۰۰۰۰۰۰۰۰۰۰۰۰۰۰۰۰۰۰۰۰۰۰۰۰۰۰۰۰۰۰۰۰۰۰۰۰۰۰۰۰۰۰۰۰۰۰۰۰۰۰۰۰۰۰۰۰۰۰۰۰۰۰۰۰۰۰۰۰۰۰۰۰۰۰۰۰۰۰۰۰۰۰۰۰۰۰۰۰۰۰۰۰۰۰۰۰۰۰۰۰۰۰۰۰۰۰۰۰۰۰۰۰۰۰۰۰۰۰۰۰۰۰۰۰۰۰۰۰۰۰۰۰۰۰۰۰۰۰۰۰۰۰۰۰۰۰۰۰۰۰۰۰۰۰۰۰۰۰۰۰۰۰۰۰۰۰۰۰۰۰۰۰۰۰۰۰۰۰۰۰۰۰۰۰۰۰۰۰۰۰۰۰۰۰۰۰۰۰۰۰۰۰۰۰۰۰۰۰۰۰۰۰۰۰۰۰۰۰۰۰۰۰۰۰۰۰۰۰۰۰۰۰۰۰۰۰۰۰۰۰۰۰۰۰۰۰۰۰۰۰۰۰۰۰۰۰۰۰۰۰۰۰۰۰۰۰۰۰۰۰۰۰۰۰۰۰۰۰۰۰۰۰۰۰۰۰۰۰۰۰۰۰۰۰۰۰۰۰۰۰۰۰۰۰۰۰۰۰۰۰۰۰۰۰۰۰۰۰۰۰۰۰۰۰۰۰۰۰۰۰۰۰۰۰۰۰۰۰۰۰۰۰۰۰۰۰۰۰۰۰۰۰۰۰۰۰۰۰۰۰۰۰۰۰۰۰۰۰۰۰۰۰۰۰۰۰۰۰۰۰۰۰۰۰۰۰۰۰۰۰۰۰۰۰۰۰۰۰۰۰۰۰۰۰۰۰۰۰۰۰۰۰۰۰۰۰۰۰۰۰۰۰۰۰۰۰۰۰۰۰۰۰۰۰۰۰۰۰۰۰۰۰۰۰۰۰۰۰۰۰۰۰۰۰۰۰۰۰۰۰۰۰۰۰۰۰۰۰۰۰۰۰۰۰۰�",,,
69,<PIL.JpegImagePlugin.JpegImageFile image mode=RGB size=2363x198 at 0x793B11724410>,على حال قبل الإسلام تمييزاً وتفريقاً لها عن الحالة التي صار عليها,,"""الإمام صاحب الإشارة تبيّنوا و تعرّفوا أنه من أحكام الشرع صادر مسلم""",,,
70,<PIL.JpegImagePlugin.JpegImageFile image mode=RGB size=2143x108 at 0x793B117249D0>,من غير معنى و لا سبب . ولكن حسه هذ  حس الصحراء، وليس في الصحراء غير نغم واحد ،,,"""مما يدل على أن f(x) ≠ 0""",,,
71,<PIL.JpegImagePlugin.JpegImageFile image mode=RGB size=2450x173 at 0x793B11724F90>,ذهب نوح مظفر ضرغام بصحبة رؤوف بن لؤي رايق ظافر عطعوط وهلال,,"""أنا أحبك، أنا أحبك، أنا أحبك، أنا أحبك، أنا أحبك، أنا أحبك، أنا أحبك، أنا أحبك، أنا أحبك، أنا أحبك، أنا أحبك، أنا أحبك، أنا أحبك، أنا أحبك، أنا أحبك، أنا أحبك، أنا أحبك، أنا أحبك، أنا أحبك، أنا أحبك، أنا أحبك، أنا أحبك، أنا أحبك، أنا أحبك، أنا أحبك، أنا أحبك، أنا أحبك، أنا أحبك، أنا أحبك، أنا أحبك، أنا أحبك، أنا أحبك، أنا أحبك، أنا أحبك، أنا أحبك، أنا أحبك، أنا أحبك، أنا أحبك، أنا أحبك، أنا أحبك، أنا أحبك، أنا أحبك، أنا أحبك، أنا أحبك، أنا أحبك، أنا أحبك، أنا أحبك، أنا أحبك، أنا أحبك، أنا أحبك، أنا أحبك، أنا أحبك، أنا أحبك، أنا أحبك، أنا أحبك، أنا أحبك، أنا أحبك، أنا أحبك، أنا أحبك، أنا أحبك، أنا أحبك، أنا أحبك، أنا أحبك، أنا أحبك، أنا أحبك، أنا أحبك، أنا أحبك، أنا أحبك، أنا أحبك، أنا أحبك، أنا أحبك، أنا أحبك، أنا أحبك، أنا أحبك، أنا أحبك، أنا أحبك، أنا أحبك، أنا أحبك، أنا أحبك، أنا أحبك، أنا أحبك، أنا أحبك، أنا أحبك، أنا أحبك، أنا أحبك، أنا أحبك، أنا أحبك، أنا أحبك، أنا أحبك، أنا أحبك، أنا أحبك، أنا أحبك، أنا أحبك، أنا أحبك، أنا أحبك، أنا أحبك، أنا أحبك، أنا أحبك، أنا أحبك، أنا أحبك، أنا أحبك، أنا أحبك، أنا أحبك، أنا أحبك، أنا أحبك، أنا أحبك، أنا أحبك، أنا أحبك، أنا أحبك، أنا أحبك، أنا أحبك، أنا أحبك، أنا أحبك، أنا أحبك، أنا أحبك، أنا أحبك، أنا أحبك، أنا أحبك، أنا أحبك، أنا أحبك، أنا أحبك، أنا أحبك، أنا أحبك، أنا أحبك، أنا أحبك، أنا أحبك، أنا أحبك، أنا أحبك، أنا أحبك، أنا أحبك، أنا أحبك، أنا أحبك، أنا أحبك، أنا أحبك، أنا أحبك، أنا أحبك، أنا أحبك، أنا أحبك، أنا أحبك، أنا أحبك، أنا أحبك، أنا أحبك، أنا أحبك، أنا أحبك، أنا أحبك، أنا أحبك، أنا أحبك، أنا أحبك، أنا أحبك، أنا أحبك، أنا أحبك، أنا أحبك، أنا أحبك، أنا أحبك، أنا أحبك، أنا أحبك، أنا أحبك، أنا أحبك، أنا أحبك، أنا أحبك، أنا أحبك، أنا أحبك، أنا أحبك، أنا أحبك، أنا أحبك، أنا أحبك، أنا أحبك، أنا أحبك، أنا أحبك، أنا أحبك، أنا أحبك، أنا أحبك، أنا أحبك، أنا أحبك، أنا أحبك، أنا أحبك، أنا أحبك، أنا أحبك، أنا أحبك، أنا أحبك، أنا أحبك، أنا أحبك، أنا أحبك، أنا أحبك، أنا أحبك، أنا أحبك، أنا أحبك، أنا أحبك، أنا أحبك، أنا أحبك، أنا أحبك، أنا أحبك، أنا أحبك، أنا أحبك، أنا أحبك، أنا أحبك، أنا أحبك، أنا أحبك، أنا أحبك، أنا أحبك، أنا أحبك، أنا أحبك، أنا أحبك،",,,
72,<PIL.JpegImagePlugin.JpegImageFile image mode=RGB size=2025x1124 at 0x793B11725550>,أننا في الحج. هل تعلم فائدة الكلمات التالية لهذا النص: مشمش,,"Here is the text extracted from the image:

أُنا في الرجع. هاد تعلم ضائدة الملمحان النتالي لحد الله: متشت",,,
73,<PIL.JpegImagePlugin.JpegImageFile image mode=RGB size=2092x120 at 0x793B11725B10>,"معها ، و من هذه الصور الكثيرة التي يقع فيها التشابه "" المثل الشعبي""",,"""الْمَسْجِدُ أَكْبَرٌ مِّنَ الْقَضَاءِ وَأَكْبَرٌ مِّنَ الْتَقَانِ""",,,
74,<PIL.JpegImagePlugin.JpegImageFile image mode=RGB size=1993x109 at 0x793B117260D0>,او نصوصاً طويله أْخذت منه، حتى يسهل علي الحكم من قراءتي.,,"""إذا تم تعيين الحوافز كنسبة مئوية، فإن قيمة (أ) تساوي (ب)""",,,
75,<PIL.JpegImagePlugin.JpegImageFile image mode=RGB size=2105x271 at 0x793B11726650>,مما يؤدي الى بروز عصر مناخي جديد سماه العصر البشري.,,مما يُودى الى بروز عام مساهم جديد اسماء الحمر البشري,,,
76,<PIL.JpegImagePlugin.JpegImageFile image mode=RGB size=2345x177 at 0x793B11726BD0>,رهو نائم  بكلمات لا افهمها مثل انقض بغـلس له الضابط لزمنك,,"""النسبة المئوية للصيادين (C) = (عدد الصيادين / عدد السكان) × 100%""",,,
77,<PIL.JpegImagePlugin.JpegImageFile image mode=RGB size=2280x154 at 0x793B11727190>,"مذهب الغالبية التي تجعل بداية  سنة ""115 ق  . م""، عرفنا أن تاريخ هذا النص",,"""لدينا حسابات التي نحصل على قيمة مضافة 100000000000000000000000000000000000000000000000000000000000000000000000000000000000000000000000000000000000000000000000000000000000000000000000000000000000000000000000000000000000000000000000000000000000000000000000000000000000000000000000000000000000000000000000000000000000000000000000000000000000000000000000000000000000000000000000000000000000000000000000000000000000000000000000000000000000000000000000000000000000000000000000000000000000000000000000000000000000000000000000000000000000000000000000000000000000000000000000000000000000000000000000000000000000000000000000000000000000000000000000000000000000000000000000000000000000000000000000000000000000000000000000000000000000000000000000000000000000000000000000000000000000000000000000000000000000000000000000000000000000000000000000000000000000000000000000000000000000000000000000000000000000000000000000000000000000000000000000000000000000000000000000000000000000000000000000000000000000000000000000000000000000000000000000000000000000000000",,,
78,<PIL.JpegImagePlugin.JpegImageFile image mode=RGB size=2252x140 at 0x793B117276D0>, سنة 1888م، و كانت رحلته هذه جدا، إذا حصل على اثار,,"\[
\left| \left( S_1 \right)_{\alpha} \right| \geqslant \left| \frac{1}{2} \int_{0}^{1} \left( f'(x) - g(x) \right)^2 dx \right|
\]

This expression represents an inequality involving the norm of a difference between two functions \( f \) and \( g \) over the interval \([0, 1]\). The integral on the right-hand side is the squared difference between the derivatives of \( f \) and \( g \), integrated from 0 to 1, and then divided by 2.",,,
79,<PIL.JpegImagePlugin.JpegImageFile image mode=RGB size=1958x118 at 0x793B11727C50>,كثيره  والقناطر قليلة . وكانت الأحمال تنقل على ظهور البغال أو الخيل,,"""كنوز و ألغاز عذبة، وَالنَّاسُ يَنْفِرُونَ (٢٨) طَهُورٌ، رَحِمَانٌ""",,,
80,<PIL.JpegImagePlugin.JpegImageFile image mode=RGB size=2328x133 at 0x793B1172C210>,ونصوص وكتابات عربية كتبت بلهجات مختلفة   ، منها ما عثر عليه,,"""رغم أن رأيي استناداً إلى آراء كثيرة، أنا أشعر أنّ""",,,
81,<PIL.JpegImagePlugin.JpegImageFile image mode=RGB size=2075x119 at 0x793B1172C790>,الاال متواضعة، وكانت تلك الطاقة مستمدة من الشمس التي تمثل عنصرا,,"""الله هو الحمد، وَإن كان ذلك أطلاً كُمْ مُسْتَدِينٌ في السرور، إِنَّهُمْ سَكَنُوا""",,,
82,<PIL.JpegImagePlugin.JpegImageFile image mode=RGB size=1586x247 at 0x793B1172CD10>,والعتبات وهنا تظهر المراوح الفيضية والهول الفيضية بدور عدد الاتصال.,,و الفاينر ده تاهم / ١٠٢ / ٦٢ الغرضية و / العجلة الغرضية بـ جم / ٥٠ / ١٢٤,,,
83,<PIL.JpegImagePlugin.JpegImageFile image mode=RGB size=2130x152 at 0x793B1172D290>,الصوبة الحضراء والتى يتكون معطمهَا من بخار المَاء، وثاني أكسيد,,"""الحُرَيْثُ طَرِقُ وَالْأَبْوَرُ مَكَانٌ وَنَزَعُ المَأْكُورُ""",,,
84,<PIL.JpegImagePlugin.JpegImageFile image mode=RGB size=2164x198 at 0x793B1172D810>,هل بلغ أصحابنا ظ ع ك ، ث خ ض، ب س ش، ص غ ه,,مَا يَعْلَمُ أَنَّهُمْ بِطَاعَةِ اللَّهِ تَحْضُرُ، وَسَيُوْزُّمُونَ,,,
85,<PIL.JpegImagePlugin.JpegImageFile image mode=RGB size=2473x182 at 0x793B1172DD90>,وتتسح بالعمومية والتوحد في طبيعتها. وتضح المرحلة ستة صفوف تستغرق ست سنوات دراسية,,و نَسْرُمُّ لا هُوَ مُوجِهٌ وَ أَنْتُمُوا فِي أَلْيَمِيْنَا (14) وَ سَفَرُونَ تَشْرَقَ بِمَا سَعَدُوا (15),,,
86,<PIL.JpegImagePlugin.JpegImageFile image mode=RGB size=1242x927 at 0x793B1172E310>,للمحافظه على حياتها في الدفاع والهجوم .,,للمحافظة على حياتها في الدفاع والهجوم,,,
87,<PIL.JpegImagePlugin.JpegImageFile image mode=RGB size=461x865 at 0x793B1172E890>,البحر.,,"The text in the image is ""المحتوى"".",,,
88,<PIL.JpegImagePlugin.JpegImageFile image mode=RGB size=2278x109 at 0x793B1172EE10>, عند وصولنا طفنا وسعينا مع شيخ. كان جاري في الخيمه يتكلم وهو نائم  بكلمات,,"""من نورا طه و سعيدة بنت سليمان، كادت أن ترقص في أحضانها.""",,,
89,<PIL.JpegImagePlugin.JpegImageFile image mode=RGB size=2168x143 at 0x793B1172F390>,"العهد ففيها فقرات كثيرة ن عم ""وهب"" أو آخرون قالوا ذلك على لسانه،",,"""الاعداد مبنية اندرات كُسرى نَعم وَ مصْنِعَةٌ تُرْدُدُ نَقلَيْنَا أَعْلَمُ لِلإِسْلام""",,,
90,<PIL.JpegImagePlugin.JpegImageFile image mode=RGB size=2318x123 at 0x793B1172F910>,في الحج.  هل تعلم فائدة الكلمات التاليه # لهذا النص: مشمس، دراق,,"""الدكتور: محمد سعيد عبد الحليم (1946-2018)""",,,
91,<PIL.JpegImagePlugin.JpegImageFile image mode=RGB size=2377x147 at 0x793B1172FE90>,ذهب نوح مظفر ضرغام بصحبة رؤوف بن لؤي رايق ظافر عطعوط وهلال خازن عفيف,,"""الله في عظم مَا هو صمدٌ رَبُّ النَّاسِ حَكِيمٌ وَأَنَّا نَفِيْعُ""",,,
92,<PIL.JpegImagePlugin.JpegImageFile image mode=RGB size=2034x116 at 0x793B11738450>,في الخيمه يتكلم وهو نائم  بكلمات لا أفهمها مثل انقض بفـلس له الضابط لزمتك.,,"""يُؤيدُ هؤلاءُ نَعمُ اللهِ، يُلُونُ أَمْهُمَا عَلَى أَنفُسِهِمْ، يُذْكِرُهُمْ إِذْنُهُمْ.""",,,
93,<PIL.JpegImagePlugin.JpegImageFile image mode=RGB size=2107x151 at 0x793B117389D0>,لا أفهمها مثل انقض بغـلس له الضابط لزمتك. سألت راجح هل بلغ أصحابنا ظ ع ك ، ت خ ض،,,"""لا تُؤذي أحداً، بل أحبه واسمح به، كفّ عن إجحافه وإخفاء ما في عينيك.""",,,
94,<PIL.JpegImagePlugin.JpegImageFile image mode=RGB size=2337x125 at 0x793B11738F50>,وفي جملة أسباب ضيق جزيرة العرب عن استيعاب العدد الكبير,,وَ حَدَثَهُ أَيْسَلُ مِنْ جَزْءٍ أَمْرٍ عَلَى إِيمَانِهِ بِالْعَذَابِ المُجَمَّمِ,,,
95,<PIL.JpegImagePlugin.JpegImageFile image mode=RGB size=1660x371 at 0x793B117394D0>,على # تولي المسؤوليات وممارسة حقوقهم وتهيئتهم .,,"""علم قواعد المسؤوليات وممارسة تحقيقها وتنفيذها""",,,
96,<PIL.JpegImagePlugin.JpegImageFile image mode=RGB size=2364x138 at 0x793B11739A50>,ذهب نوح مظفر ضرغام بصحبة رؤوف بن لؤي رايق ظافر عطعوط وهلال,,"""دیده نویسگر به صورت روزنامه نگاری در چهارم دوم ماه و میلادی""",,,
97,<PIL.JpegImagePlugin.JpegImageFile image mode=RGB size=2406x159 at 0x793B11739FD0>,يعد تفسخ وتحلل المركبات العضوية من اكبر مصادر غاز ثنائي,,"""در ترکیه، کارمندان یا سازمان‌ها، در صورت عدم وجود یک مجوز معتبر، می‌توانند به اینترنت دسترسی نداشته باشند.""",,,
98,<PIL.JpegImagePlugin.JpegImageFile image mode=RGB size=2466x587 at 0x793B1173A550>,توازن بىين النمو والإنتاج وجودة الثمار .,,"""العلاقة بين النمو الإنتاج وجودة المُنتج.""",,,
99,<PIL.JpegImagePlugin.JpegImageFile image mode=RGB size=2141x146 at 0x793B1173AAD0>,امدا طويلا وأن آفات النسيان ونلاعب الزمان بالحفضـ لا بد ان يغير,,"""إذا أخذنا z^n / n! في (z/2)^(n+1) فنحصل على""

This translates to:

""If we take z^n / n! in (z/2)^(n+1), we get""",,,
100,<PIL.JpegImagePlugin.JpegImageFile image mode=RGB size=2226x207 at 0x793B1173B050>,عليها الأشعة السينية : وهي عبارة عن أشعة غيرمرئية ذات,,"Here is the text extracted from the image:

""كلما أسرع الناس في شيء، وصبروا على أسرعه، ضعهم دنياً أن.""",,,
101,<PIL.JpegImagePlugin.JpegImageFile image mode=RGB size=2237x119 at 0x793B1173B5D0>, يلبي.  عند وصولنا طفنا وسعينا مع شيخ كان جاري في الخيمة,,"""الجيمي - عقد، موديل، لفظ، سند، نادي، زر، الجيمي""",,,
102,<PIL.JpegImagePlugin.JpegImageFile image mode=RGB size=1073x450 at 0x793B1173BB50>,# غيظ ، ناء ،  بث ، # نسر .,,"""خیط) ناد) بن) مسعود نصر""",,,
103,<PIL.JpegImagePlugin.JpegImageFile image mode=RGB size=2445x450 at 0x793B1173C110>,كان يربط هذا النوع من التعليم .,,"""كأن يربعا لهذا النمو من التغيير.""",,,
104,<PIL.JpegImagePlugin.JpegImageFile image mode=RGB size=1752x89 at 0x793B1173C690>,مشمش ، دراق ، غيظ ، ناء ،  بث ، ننسر .,,"""السلام عليكم ورحمة الله وبركاته""",,,
105,<PIL.JpegImagePlugin.JpegImageFile image mode=RGB size=2144x113 at 0x793B1173CC10>,إلى حضرموت ومهرة في الجنوب، واليمن في الغرب، وعمان في الشرق . وفيها,,"""الله هو الحمدُ و هو يُحبُّ الحمدَ، والبديعُ في شيءٍ من شيءٍ، وهو سُمِّىُّ بِالْحَمْدِ.""",,,
106,<PIL.JpegImagePlugin.JpegImageFile image mode=RGB size=2084x161 at 0x793B1173D1D0>,فكانت الأرض تزرع كل عام ولكن خصبها كان يجدد مرة كل ثلاث سنين بزرع,,مطّاط ذَارِيٌّ يُنْتَجُ مِنْ حَبَّابَةِ الْخَلَّاءِ، وَيُحْسَنُ بِالْعَرَقِ، وَيُحْسَنُ بِالْعَرَقِ، وَيُحْسَنُ بِالْعَرَقِ، وَيُحْسَنُ بِالْعَرَقِ، وَيُحْسَنُ بِالْعَرَقِ، وَيُحْسَنُ بِالْعَرَقِ، وَيُحْسَنُ بِالْعَرَقِ، وَيُحْسَنُ بِالْعَرَقِ، وَيُحْسَنُ بِالْعَرَقِ، وَيُحْسَنُ بِالْعَرَقِ، وَيُحْسَنُ بِالْعَرَقِ، وَيُحْسَنُ بِالْعَرَقِ، وَيُحْسَنُ بِالْعَرَقِ، وَيُحْسَنُ بِالْعَرَقِ، وَيُحْسَنُ بِالْعَرَقِ، وَيُحْسَنُ بِالْعَرَقِ، وَيُحْسَنُ بِالْعَرَقِ، وَيُحْسَنُ بِالْعَرَقِ، وَيُحْسَنُ بِالْعَرَقِ، وَيُحْسَنُ بِالْعَرَقِ، وَيُحْسَنُ بِالْعَرَقِ، وَيُحْسَنُ بِالْعَرَقِ، وَيُحْسَنُ بِالْعَرَقِ، وَيُحْسَنُ بِالْعَرَقِ، وَيُحْسَنُ بِالْعَرَقِ، وَيُحْسَنُ بِالْعَرَقِ، وَيُحْسَنُ بِالْعَرَقِ، وَيُحْسَنُ بِالْعَرَقِ، وَيُحْسَنُ بِالْعَرَقِ، وَيُحْسَنُ بِالْعَرَقِ، وَيُحْسَنُ بِالْعَرَقِ، وَيُحْسَنُ بِالْعَرَقِ، وَيُحْسَنُ بِالْعَرَقِ، وَيُحْسَنُ بِالْعَرَقِ، وَيُحْسَنُ بِالْعَرَقِ، وَيُحْسَنُ بِالْعَرَقِ، وَيُحْسَنُ بِالْعَرَقِ، وَيُحْسَنُ بِالْعَرَقِ، وَيُحْسَنُ بِالْعَرَقِ، وَيُحْسَنُ بِالْعَرَقِ، وَيُحْسَنُ بِالْعَرَقِ، وَيُحْسَنُ بِالْعَرَقِ، وَيُحْسَنُ بِالْعَرَقِ، وَيُحْسَنُ بِالْعَرَقِ، وَيُحْسَنُ بِالْعَرَقِ، وَيُحْسَنُ بِالْعَرَقِ، وَيُحْسَ,,,
107,<PIL.JpegImagePlugin.JpegImageFile image mode=RGB size=2327x284 at 0x793B1173D710>,". و يتم عقد برامج ""ضمان اجتماعي"" للطلاب الذين لم يحققوا المستوى المطلوب في المرحلة",,"""وَيُمْ تَعْبُدُ إِجْهَادًا حُوَّانَ الْإِلَاءِنِ إِحْصَارًا لِّالْعَلَمِ وَيُحْلُّوا""",,,
108,<PIL.JpegImagePlugin.JpegImageFile image mode=RGB size=1949x141 at 0x793B1173DC90>,فواضح ظاهر، ولا يمكن لأحد الشك فيه و أما أثرها فيما عدا ذلك، ولا سيما,,"""وَأَنَّهُمْ لَا إِحدى السَّلامِ صَحِيحٌ، وَلَيْسَ لَهُمْ أَحَدٌ يَصْحَبُهُمْ دَاخَلَهُ، وَلَكِنْ سَعَدُواْ بِهِمْ طَهُورًا.""",,,
109,<PIL.JpegImagePlugin.JpegImageFile image mode=RGB size=2161x115 at 0x793B1173E210>,بعد. وفي الجملة إن المؤرخ الحادق الناقد لن تفوته هذه الملاحظة حين,,"""لقد رصدنا الحمولة أحاديّة النّفط، وتم تأكيد هذه الحمولة حسب""",,,
110,<PIL.JpegImagePlugin.JpegImageFile image mode=RGB size=2343x179 at 0x793B1173E790>, مع شيخ . كان جاري في الخيمه يتكلم وهو نائم  بكلمات لا افهمها مثل انقض بغـلس,,"""كلمة: لا أرجو أن تتحدثي بجّام كروركم""",,,
111,<PIL.JpegImagePlugin.JpegImageFile image mode=RGB size=1132x180 at 0x793B1173ED10>,بدأت قوافل  الحجيج حاج إثر  آ خر  يلبي .,,"""أنا قواعد الحجيج داخلاً زرًا أحمي بلدي.""",,,
112,<PIL.JpegImagePlugin.JpegImageFile image mode=RGB size=2007x136 at 0x793B1173F290>,ث خ ص، ب س ش، ص غ هـ  أننا في الحج . هل تعلم فائدة الكلمات التالية,,"\[
\left( \frac{d}{dt} \right)^{2} \varepsilon_{ij}(t) + 8 \pi \varepsilon_{ij}(t) \partial_{k} u^{k} = -2 \varepsilon_{ij} \partial_{k} u^{k} + \partial_{j} \varphi(t) \delta_{i}^{k} + \varepsilon_{kl} \partial_{l} u^{k}
\]",,,
113,<PIL.JpegImagePlugin.JpegImageFile image mode=RGB size=2377x1361 at 0x793B1173F810>,في الحج،  هل تعلم فائدة الكلمات التالية لهذا النص: مشمش، دراق، غيظ، ناء ،  بث ، نسر  .,,وَ الْحَجَّ مَا تَعَامَلُوا فِي نَهْرِ الْكِتَابِ ثَانِيَةٍ لِمَدْخَلِ النَّفْسِ فَشَتَّىٰ رَأَةً وَ نَظَرَتْ نَاهِبَةٌ نَصْرٌ,,,
114,<PIL.JpegImagePlugin.JpegImageFile image mode=RGB size=2205x178 at 0x793B1173FD90>,وهلال خازن عفيف للحج .  بدأت قوافل الحجيج حاج إثر آخر يلبي,,وخلال كتاب مسند المحدث، نداءات عواقب الردّيجة جاءت في هذه الآية:,,,
115,<PIL.JpegImagePlugin.JpegImageFile image mode=RGB size=2058x108 at 0x793B11748350>,وسعينا مع شيخ. كان جاري في الخيمة يتكلم وهو نائم  بكلمات لا أفهمها مثل,,"""و لَمْ يَكُنَّ مِنْهُمْ مُسْتَحْرِمًا""",,,
116,<PIL.JpegImagePlugin.JpegImageFile image mode=RGB size=1893x153 at 0x793B117488D0>,الحج  هل تعلم فائده الكلمات التاليه لهذا النص: مشمش، دراق، غيظ ،,,الإجابة: دالة محددة من دالة أركيبي الألوية لفترة الأمومة، سلسلة كار (أ) هي:,,,
117,<PIL.JpegImagePlugin.JpegImageFile image mode=RGB size=1031x348 at 0x793B11748E50>, غيظ ، ناء ،  بث ، نسر,,"""عِندَما نَادَ ابْنُ نَوْرِي""",,,
118,<PIL.JpegImagePlugin.JpegImageFile image mode=RGB size=1974x122 at 0x793B117493D0>,والمهتمون بالبيئة. إذا يرى فريق من العلماء أن غازات الإحتباس,,"""العربية، واللغة العربية، واللغة العربية، واللغة العربية، واللغة العربية، واللغة العربية، واللغة العربية، واللغة العربية، واللغة العربية، واللغة العربية، واللغة العربية، واللغة العربية، واللغة العربية، واللغة العربية، واللغة العربية، واللغة العربية، واللغة العربية، واللغة العربية، واللغة العربية، واللغة العربية، واللغة العربية، واللغة العربية، واللغة العربية، واللغة العربية، واللغة العربية، واللغة العربية، واللغة العربية، واللغة العربية، واللغة العربية، واللغة العربية، واللغة العربية، واللغة العربية، واللغة العربية، واللغة العربية، واللغة العربية، واللغة العربية، واللغة العربية، واللغة العربية، واللغة العربية، واللغة العربية، واللغة العربية، واللغة العربية، واللغة العربية، واللغة العربية، واللغة العربية، واللغة العربية، واللغة العربية، واللغة العربية، واللغة العربية، واللغة العربية، واللغة العربية، واللغة العربية، واللغة العربية، واللغة العربية، واللغة العربية، واللغة العربية، واللغة العربية، واللغة العربية، واللغة العربية، واللغة العربية، واللغة العربية، واللغة العربية، واللغة العربية، واللغة العربية، واللغة العربية، واللغة العربية، واللغة العربية، واللغة العربية، واللغة العربية، واللغة العربية، واللغة العربية، واللغة العربية، واللغة العربية، واللغة العربية، واللغة العربية، واللغة العربية، واللغة العربية، واللغة العربية، واللغة العربية، واللغة العربية، واللغة العربية، واللغة العربية، واللغة العربية، واللغة العربية، واللغة العربية، واللغة العربية، واللغة العربية، واللغة العربية، واللغة العربية، واللغة العربية، واللغة العربية، واللغة العربية، واللغة العربية، واللغة العربية، واللغة العربية، واللغة العربية، واللغة العربية، واللغة العربية، واللغة العربية، واللغة العربية، واللغة العربية، واللغة العربية، واللغة العربية، واللغة العربية، واللغة العربية، واللغة العربية، واللغة العربية، واللغة العربية، واللغة العربية، واللغة العربية، واللغة العربية، واللغة العربية، واللغة العربية، واللغة العربية، واللغة العربية، واللغة العربية، واللغة العربية، واللغة العربية، واللغة العربية، واللغة العربية، واللغة العربية، واللغة العربية، واللغة العربية، واللغة العربية، واللغة العربية، واللغة العربية، واللغة العربية، واللغة العربية، واللغة العربية، واللغة العربية، واللغة العربية، واللغة العربية، واللغة العربية، واللغة العربية، واللغة العربية، واللغة العربية، واللغة العربية، واللغة العربية، واللغة العربية، واللغة العربية، واللغة العربية، واللغة العربية، واللغة العربية، واللغة العربية، واللغة العربية، واللغة العربية، واللغة العربية، واللغة العربية، واللغة العربية، واللغة العربية، واللغة العربية، واللغة العربية، واللغة العربية، واللغة العربية، واللغة العربية، واللغة العربية، واللغة العربية، واللغة العربية، واللغة العربية، واللغة العربية، واللغة العربية، واللغة العربية، واللغة العربية، واللغة العربية، واللغة العربية، واللغة العربية، واللغة العربية، واللغة العربية، واللغة العربية، واللغة العربية، واللغة العربية، واللغة العربية، واللغة العربية، واللغة العربية، واللغة العربية، واللغة العربية، واللغة العربية، واللغة العربية، واللغة العربية، واللغة العربية، واللغة العربية، واللغة العربية، واللغة العربية، واللغة العربية، واللغة العربية، واللغة العربية، واللغة العربية، واللغة العربية، واللغة العربية، واللغة العربية، واللغة العربية، واللغة العربية، واللغة العربية، واللغة العربية، واللغة العربية، واللغة العربية، واللغة العربية، واللغة العربية، واللغة العربية، واللغة العربية، واللغة العربية، واللغة العربية، واللغة العربية، واللغ",,,
119,<PIL.JpegImagePlugin.JpegImageFile image mode=RGB size=2412x109 at 0x793B11749950>,مؤثرة عند بداية الثورة الصناعية. إن تضاعف عدد سكان الكرة الأرضية,,"""أنا أحبك""",,,
120,<PIL.JpegImagePlugin.JpegImageFile image mode=RGB size=2174x249 at 0x793B11749ED0>,قضية تشغل حيزا كبيرا من اهتمامات الراي العام . وكان مؤتمر ستوكهولم للبيئة,,"""فَصَّلْتُ بِهِ لِبَرَكَةٍ مِّنْ أَمْرِ اللَّهِ وَلَا مُوْتٍ عَنْ عِبَادِهِ""",,,
121,<PIL.JpegImagePlugin.JpegImageFile image mode=RGB size=2403x274 at 0x793B1174A450>,ذهب  نوح مظفر ضرغام  بصحبة رؤوف بن لؤي  . بدأت قوافل,,"""صَحِيحٌ صُورُهُمْ وَسَرُّهُمْ سَنَّهُمْ""",,,
122,<PIL.JpegImagePlugin.JpegImageFile image mode=RGB size=866x393 at 0x793B1174A9D0>,متعاقبه من البشر.,,محمود بن موسى,,,
123,<PIL.JpegImagePlugin.JpegImageFile image mode=RGB size=2205x123 at 0x793B1174AF50>,للحج .  بدات قوافل الحجيج حاج إثر آخر يلبي . عند وصولنا طفنا وسعينا مع شيخ #ان,,الرجاء ملاحظة أن هذه النصوص قد تكون غير دقيقة أو غير صحيحة. يرجى التأكد من المعلومات المقدمة قبل استخدامها.,,,
124,<PIL.JpegImagePlugin.JpegImageFile image mode=RGB size=1507x286 at 0x793B1174B4D0>,ومن الاهتمام والعناية بالأشجار من جعة أخرى  .,,وَهُمْ الْإِيمَانِ وَالْعِبَادَةِ الْأَسْكَارُ مِن جِهَةٍ نُّوحٍ.,,,
125,<PIL.JpegImagePlugin.JpegImageFile image mode=RGB size=2059x93 at 0x793B1174BA50>, ب س ش، ص غ هـ أننا في الحج . هل تعلم فائدة الكلمات الكلمات التالية,,"""أنا أريدك، أنا أريدك، أنا أريدك، أنا أريدك، أنا أريدك، أنا أريدك، أنا أريدك، أنا أريدك، أنا أريدك، أنا أريدك، أنا أريدك، أنا أريدك، أنا أريدك، أنا أريدك، أنا أريدك، أنا أريدك، أنا أريدك، أنا أريدك، أنا أريدك، أنا أريدك، أنا أريدك، أنا أريدك، أنا أريدك، أنا أريدك، أنا أريدك، أنا أريدك، أنا أريدك، أنا أريدك، أنا أريدك، أنا أريدك، أنا أريدك، أنا أريدك، أنا أريدك، أنا أريدك، أنا أريدك، أنا أريدك، أنا أريدك، أنا أريدك، أنا أريدك، أنا أريدك، أنا أريدك، أنا أريدك، أنا أريدك، أنا أريدك، أنا أريدك، أنا أريدك، أنا أريدك، أنا أريدك، أنا أريدك، أنا أريدك، أنا أريدك، أنا أريدك، أنا أريدك، أنا أريدك، أنا أريدك، أنا أريدك، أنا أريدك، أنا أريدك، أنا أريدك، أنا أريدك، أنا أريدك، أنا أريدك، أنا أريدك، أنا أريدك، أنا أريدك، أنا أريدك، أنا أريدك، أنا أريدك، أنا أريدك، أنا أريدك، أنا أريدك، أنا أريدك، أنا أريدك، أنا أريدك، أنا أريدك، أنا أريدك، أنا أريدك، أنا أريدك، أنا أريدك، أنا أريدك، أنا أريدك، أنا أريدك، أنا أريدك، أنا أريدك، أنا أريدك، أنا أريدك، أنا أريدك، أنا أريدك، أنا أريدك، أنا أريدك، أنا أريدك، أنا أريدك، أنا أريدك، أنا أريدك، أنا أريدك، أنا أريدك، أنا أريدك، أنا أريدك، أنا أريدك، أنا أريدك، أنا أريدك، أنا أريدك، أنا أريدك، أنا أريدك، أنا أريدك، أنا أريدك، أنا أريدك، أنا أريدك، أنا أريدك، أنا أريدك، أنا أريدك، أنا أريدك، أنا أريدك، أنا أريدك، أنا أريدك، أنا أريدك، أنا أريدك، أنا أريدك، أنا أريدك، أنا أريدك، أنا أريدك، أنا أريدك، أنا أريدك، أنا أريدك، أنا أريدك، أنا أريدك، أنا أريدك، أنا أريدك، أنا أريدك، أنا أريدك، أنا أريدك، أنا أريدك، أنا أريدك، أنا أريدك، أنا أريدك، أنا أريدك، أنا أريدك، أنا أريدك، أنا أريدك، أنا أريدك، أنا أريدك، أنا أريدك، أنا أريدك، أنا أريدك، أنا أريدك، أنا أريدك، أنا أريدك، أنا أريدك، أنا أريدك، أنا أريدك، أنا أريدك، أنا أريدك، أنا أريدك، أنا أريدك، أنا أريدك، أنا أريدك، أنا أريدك، أنا أريدك، أنا أريدك، أنا أريدك، أنا أريدك، أنا أريدك، أنا أريدك، أنا أريدك، أنا أريدك، أنا أريدك، أنا أريدك، أنا أريدك، أنا أريدك، أنا أريدك، أنا أريدك، أنا أريدك، أنا أريدك، أنا أريدك، أنا أريدك، أنا أريدك، أنا أريدك، أنا أريدك، أنا أريدك، أنا أريدك، أنا أريدك، أنا أريدك، أنا أريدك، أنا أريدك، أنا أريدك، أنا أريدك، أنا أريدك، أنا أريدك، أنا أريدك، أنا أريدك، أنا أريدك، أنا أريدك، أنا أريدك، أنا أريدك، أنا أريدك، أنا أريدك، أنا أريدك، أنا أريدك، أنا أريدك، أنا أريدك، أنا أريدك، أنا أريدك، أنا أريدك،",,,
126,<PIL.JpegImagePlugin.JpegImageFile image mode=RGB size=2187x116 at 0x793B1174BFD0>,مثل انقض بغـلس له الضابط لزمتك . سألت راجح هل بلغ أصحابنا ظ ع ك ،,,"""من اثنين يحكم ها الإرادة فقط، رجل، وصيحة، وحده.""",,,
127,<PIL.JpegImagePlugin.JpegImageFile image mode=RGB size=2145x201 at 0x793B11758590>,بيئتنا و ماضينا لكي نساهم في مستقبل و حضارة هذه الأمة حتى تكون مشاركتنا,,"""لكل \( z \in \mathbb{C} \), \(\lim_{n \to \infty} \left| \frac{z^n}{n!} \right| = 0\).""",,,
128,<PIL.JpegImagePlugin.JpegImageFile image mode=RGB size=2201x357 at 0x793B11758B10>,المحكوم ، أساسا ، بمسألة السكن والمشاكل المترتبة عنها ، يقدم  دليلا قاطعاً,,الحُمْرَة، أصلها يقال له سملان ولكنها لها المزروعة عنهما ، يتم ديلاء طعمة,,,
129,<PIL.JpegImagePlugin.JpegImageFile image mode=RGB size=2228x93 at 0x793B11759090>,ذهب نوح مظفر ضرغام بصحبة رؤوف بن لؤي رايق ظافر عطعوط وهلال خازن عفيف,,"```
y^2 + 100x^3 + 900xy^2 = t^4 + p^4 + q^4 + r^4
```",,,
130,<PIL.JpegImagePlugin.JpegImageFile image mode=RGB size=2247x127 at 0x793B11759610>,عفيف للحج . بدأت قوافل الحجيج حاج إثر آخر يلبي . عند وصولنا طفنا,,"""كنفيد للدكتور، بأنّ هو في الدخول ٢٠٢١/٢٠٢٢، كنفيد للدكتور.""",,,
131,<PIL.JpegImagePlugin.JpegImageFile image mode=RGB size=2045x99 at 0x793B11759B90>,لأنحاء العالم ،والاختلاف بين المصنفين والمربين في استخدام الصفات . وهنا اشدد,,> أين أنت؟ هل تعلم أنني أحبك؟ هل تعلم أنني أحبك؟ هل تعلم أنني أحبك؟ هل تعلم أنني أحبك؟ هل تعلم أنني أحبك؟ هل تعلم أنني أحبك؟ هل تعلم أنني أحبك؟ هل تعلم أنني أحبك؟ هل تعلم أنني أحبك؟ هل تعلم أنني أحبك؟ هل تعلم أنني أحبك؟ هل تعلم أنني أحبك؟ هل تعلم أنني أحبك؟ هل تعلم أنني أحبك؟ هل تعلم أنني أحبك؟ هل تعلم أنني أحبك؟ هل تعلم أنني أحبك؟ هل تعلم أنني أحبك؟ هل تعلم أنني أحبك؟ هل تعلم أنني أحبك؟ هل تعلم أنني أحبك؟ هل تعلم أنني أحبك؟ هل تعلم أنني أحبك؟ هل تعلم أنني أحبك؟ هل تعلم أنني أحبك؟ هل تعلم أنني أحبك؟ هل تعلم أنني أحبك؟ هل تعلم أنني أحبك؟ هل تعلم أنني أحبك؟ هل تعلم أنني أحبك؟ هل تعلم أنني أحبك؟ هل تعلم أنني أحبك؟ هل تعلم أنني أحبك؟ هل تعلم أنني أحبك؟ هل تعلم أنني أحبك؟ هل تعلم أنني أحبك؟ هل تعلم أنني أحبك؟ هل تعلم أنني أحبك؟ هل تعلم أنني أحبك؟ هل تعلم أنني أحبك؟ هل تعلم أنني أحبك؟ هل تعلم أنني أحبك؟ هل تعلم أنني أحبك؟ هل تعلم أنني أحبك؟ هل تعلم أنني أحبك؟ هل تعلم أنني أحبك؟ هل تعلم أنني أحبك؟ هل تعلم أنني أحبك؟ هل تعلم أنني أحبك؟ هل تعلم أنني أحبك؟ هل تعلم أنني أحبك؟ هل تعلم أنني أحبك؟ هل تعلم أنني أحبك؟ هل تعلم أنني أحبك؟ هل تعلم أنني أحبك؟ هل تعلم أنني أحبك؟ هل تعلم أنني أحبك؟ هل تعلم أنني أحبك؟ هل تعلم أنني أحبك؟ هل تعلم أنني أحبك؟ هل تعلم أنني أحبك؟ هل تعلم أنني أحبك؟ هل تعلم أنني أحبك؟ هل تعلم أنني أحبك؟ هل تعلم أنني أحبك؟ هل تعلم أنني أحبك؟ هل تعلم أنني أحبك؟ هل تعلم أنني أحبك؟ هل تعلم أنني أحبك؟ هل تعلم أنني أحبك؟ هل تعلم أنني أحبك؟ هل تعلم أنني أحبك؟ هل تعلم أنني أحبك؟ هل تعلم أنني أحبك؟ هل تعلم أنني أحبك؟ هل تعلم أنني أحبك؟ هل تعلم أنني أحبك؟ هل تعلم أنني أحبك؟ هل تعلم أنني أحبك؟ هل تعلم أنني أحبك؟ هل تعلم أنني أحبك؟ هل تعلم أنني أحبك؟ هل تعلم أنني أحبك؟ هل تعلم أنني أحبك؟ هل تعلم أنني أحبك؟ هل تعلم أنني أحبك؟ هل تعلم أنني أحبك؟ هل تعلم أنني أحبك؟ هل تعلم أنني أحبك؟ هل تعلم أنني أحبك؟ هل تعلم أنني أحبك؟ هل تعلم أنني أحبك؟ هل تعلم أنني أحبك؟ هل تعلم أنني أحبك؟ هل تعلم أنني أحبك؟ هل تعلم أنني أحبك؟ هل تعلم أنني أحبك؟ هل تعلم أنني أحبك؟ هل تعلم أنني أحبك؟ هل تعلم أنني أحبك؟ هل تعلم أنني أحبك؟ هل تعلم أنني أحبك؟ هل تعلم أنني أحبك؟ هل تعلم أنني أحبك؟ هل تعلم أنني أحبك؟ هل تعلم أنني أحبك؟ هل تعلم أنني أحبك؟ هل تعلم أنني أحبك؟ هل تعلم أنني أحبك؟ هل تعلم أنني أحبك؟ هل تعلم أنني أحبك؟ هل تعلم أنني أحبك؟ هل تعلم,,,
132,<PIL.JpegImagePlugin.JpegImageFile image mode=RGB size=2118x119 at 0x793B1175A110>,فوق هذا للحيل في النهارفي موسم الشتاء تعدت الصفر المئوي,,"""الكثير الموزع، يُسمى (1/60) كوبون الموزع""",,,
133,<PIL.JpegImagePlugin.JpegImageFile image mode=RGB size=2140x503 at 0x793B1175A690>,يليها في الترتيب المعرفة بطرق الامتخدام الآمن للمبيدات,,بليدا في الترتيب المعروف بطرق الاستخدام) الرسم المبدئي,,,
134,<PIL.JpegImagePlugin.JpegImageFile image mode=RGB size=2259x117 at 0x793B1175AC10>,انتاج كميات من الغذاء والأدوات التي تزيد عن الحاجة،عندها دخل في مجال التجارة,,"""أنا أحبك""",,,
135,<PIL.JpegImagePlugin.JpegImageFile image mode=RGB size=2050x101 at 0x793B1175B1D0>,له الضابط لزمتك.  ظ ع ك ، ث خ ض، ب س ش، ص غ ه اننا في الحج  النص,,"""إذا كان نظام x,y,z يمثل مساراً في الفضاء، فإن مساره يمكن أن يكون متجهاً أو عمودياً أو متوازناً.""",,,
136,<PIL.JpegImagePlugin.JpegImageFile image mode=RGB size=2056x131 at 0x793B1175B710>,مع الغلاف الجوي (71% من الغلاف الجوي يقع فوق هذه المسطحات,,"\[
\left| \frac{1}{2} \sin x - \frac{1}{2} \sin y \right| \leq |x - y|
\]",,,
137,<PIL.JpegImagePlugin.JpegImageFile image mode=RGB size=2112x138 at 0x793B1175BC90>,وجوده وإحساسه ببيئته فتفنن بها ،وكثر عطائها وتجاوبها مع إحساسه,,"""و جبر و حسابه ی بسیاری تفسیر (48) که گذشته از آن در خود را داشت.""",,,
138,<PIL.JpegImagePlugin.JpegImageFile image mode=RGB size=2248x88 at 0x793B11764250>,كثافة الهواء بها قليلة و تنخفض بها درجة الحرارة حتى,,"""الصورة: (1) (2) (3) (4) (5) (6) (7) (8) (9) (10)""",,,
139,<PIL.JpegImagePlugin.JpegImageFile image mode=RGB size=2356x1146 at 0x793B117647D0>, هل تعلم فائدة الكلمات التالية لهذا النص: مشمش، دراق، غيظ، ناء ،  بث ، نسر,,"Here is the text extracted from the image:

""حلّ محلّ ماذرة الكلمات التالية لهذا الملف: مستند، (أ) ، بحث، نادٍ، تفسير""",,,
140,<PIL.JpegImagePlugin.JpegImageFile image mode=RGB size=1249x516 at 0x793B11764D50>,ويمكن أن ننشأ الطاقه الميكانيكيه .,,"""مُعَلِّقٌ أَنْ شَاءَ اللَّهُ فَهُ الْمَخَاشِيَةُ.""",,,
141,<PIL.JpegImagePlugin.JpegImageFile image mode=RGB size=2210x105 at 0x793B117652D0>,التعليم الثانوي # الإلزامي ، بالإضافة إلى اجتياز القبول ، أما التدريب المهني,,"""الدروس التالية هي من المنهجية، وفقاً للحصول على نتائج أفضل.""",,,
142,<PIL.JpegImagePlugin.JpegImageFile image mode=RGB size=2000x149 at 0x793B11765850>,ظ ع ك ، ث خ ض ، ب س ش ، ص غ هـ أننا في الحج .,,"```
طه) لد ات من اب سنسن و نافع (ك)
```",,,
143,<PIL.JpegImagePlugin.JpegImageFile image mode=RGB size=793x609 at 0x793B11765DD0>,ناء ،  بث ، نسر .,,"""ناء بتك نسر.""",,,
144,<PIL.JpegImagePlugin.JpegImageFile image mode=RGB size=2381x155 at 0x793B11766350>,في بعض الاماكن حيث تحفر جوانب التلال للوصول إلى قلب مناجم الملح المتحجرة، اوقد يفتت باستعمال,,"""وَبِمَا أُنزِلَ اللَّهُ مِنْ آيَاتٍ مُّبَارَكَةً وَجَعَلَهُ لِلنَّاسِ مُصَدِّقًا""",,,
145,<PIL.JpegImagePlugin.JpegImageFile image mode=RGB size=2433x104 at 0x793B117668D0>,خلال اجتماع للجنة المركزية للحزب الشيوعي الصيني في بكين يوم 24 يناير 2009، بحث,,"Here is the text extracted from the image:

""Let \( S \subset \mathbb{R}^n \) be a set of points. Consider the set \( T = \{ x - y : x, y \in S \} \). Show that \( T \) is a convex set.""",,,
146,<PIL.JpegImagePlugin.JpegImageFile image mode=RGB size=2012x102 at 0x793B11766E50>,ذهب نوح مظفر ضرغام بصحبة رؤوف بن لؤي رايق ظافر عطعوط وهلال خازن,,"""الصيغة 1: x = c + d + e + f + g + h + i + j + k + l + m + n + o + p + q + r + s + t + u + v + w + x + y + z

الصيغة 2: x = c + d + e + f + g + h + i + j + k + l + m + n + o + p + q + r + s + t + u + v + w + x + y + z""

These are two different expressions for the variable \( x \) in terms of the letters \( c, d, e, \ldots, z \).",,,
147,<PIL.JpegImagePlugin.JpegImageFile image mode=RGB size=2041x146 at 0x793B117673D0>,عفيف للحج .  بدأت قوافل الحجيج حاج إثر آخر يلبي . عند وصولنا ظفنا,,"""الحقيقية المثلى، لا توجد في العالم، حتى إذا أُحِدَّثَ.""",,,
148,<PIL.JpegImagePlugin.JpegImageFile image mode=RGB size=2151x105 at 0x793B11767950>,يتكلم وهو نائم  بكلمات لا أفهمها مثل انقض بغـسل له الضابط لزمتك. سألت راجح هل بلغ أصحابنا,,"""العربية العربية العربية العربية العربية العربية العربية العربية العربية العربية العربية العربية العربية العربية العربية العربية العربية العربية العربية العربية العربية العربية العربية العربية العربية العربية العربية العربية العربية العربية العربية العربية العربية العربية العربية العربية العربية العربية العربية العربية العربية العربية العربية العربية العربية العربية العربية العربية العربية العربية العربية العربية العربية العربية العربية العربية العربية العربية العربية العربية العربية العربية العربية العربية العربية العربية العربية العربية العربية العربية العربية العربية العربية العربية العربية العربية العربية العربية العربية العربية العربية العربية العربية العربية العربية العربية العربية العربية العربية العربية العربية العربية العربية العربية العربية العربية العربية العربية العربية العربية العربية العربية العربية العربية العربية العربية العربية العربية العربية العربية العربية العربية العربية العربية العربية العربية العربية العربية العربية العربية العربية العربية العربية العربية العربية العربية العربية العربية العربية العربية العربية العربية العربية العربية العربية العربية العربية العربية العربية العربية العربية العربية العربية العربية العربية العربية العربية العربية العربية العربية العربية العربية العربية العربية العربية العربية العربية العربية العربية العربية العربية العربية العربية العربية العربية العربية العربية العربية العربية العربية العربية العربية العربية العربية العربية العربية العربية العربية العربية العربية العربية العربية العربية العربية العربية العربية العربية العربية العربية العربية العربية العربية العربية العربية العربية العربية العربية العربية العربية العربية العربية العربية العربية العربية العربية العربية العربية العربية العربية العربية العربية العربية العربية العربية العربية العربية العربية العربية العربية العربية العربية العربية العربية العربية العربية العربية العربية العربية العربية العربية العربية العربية العربية العربية العربية العربية العربية العربية العربية العربية العربية العربية العربية العربية العربية العربية العربية العربية العربية العربية العربية العربية العربية العربية العربية العربية العربية العربية العربية العربية العربية العربية العربية العربية العربية العربية العربية العربية العربية العربية العربية العربية العربية العربية العربية العربية العربية العربية العربية العربية العربية العربية العربية العربية العربية العربية العربية العربية العربية العربية العربية العربية العربية العربية العربية العربية العربية العربية العربية العربية العربية العربية العربية العربية العربية العربية العربية العربية العربية العربية العربية العربية العربية العربية العربية العربية العربية العربية العربية العربية العربية العربية العربية العربية العربية العربية العربية العربية العربية العربية العربية العربية العربية العربية العربية العربية العربية العربية العربية العربية العربية العربية العربية العربية العربية العربية العربية العربية العربية العربية العربية العربية العربية العربية العربية العربية العربية العربية العربية العربية العربية العربية العربية العربية العربية العربية العربية العربية العربية العربية العربية العربية العربية العربية العربية العربية العربية العربية العربية العربية العربية العربية العربية العربية العربية العربية العربية العربية العربية العربية العربية العربية العربية العربية العربية العربية العربية العربية العربية العربية العربية العربية العربية العربية العربية العربية العربية العربية العربية العربية العربية العربية العربية العربية العربية العربية العربية العربية العربية العربية العربية العربية العربية العربية العربية العربية العربية العربية العربية العربية العربية العربية العربية العربية العربية العربية العربية العربية العربية العربية العربية العربية العربية العربية العربية العربية العربية العربية العربية العربية العربية العربية العربية العربية العربية العربية العربية العربية العربية العربية العربية العربية العربية العربية العربية العربية العربية العربية العربية العربية العربية العربية العربية العربية العربية العربية العربية العربية العربية العربية العربية العربية العربية العربية العربية العربية العربية العربية العربية العربية العربية العربية العربية العربية العربية العربية العربية العربية العربية العربية العربية العربية العربية العربية العربية العربية العربية العربية العربية العربية العربية العربية العربية العربية العربية العربية العربية العربية العربية العربية العربية العربية العربية العربية العربية العربية العربية العربية العربية العربية العربية العربية العربية العربية العربية العربية العربية العربية العربية العربية العربية العربية العربية العربية العربية العربية العربية العربية العربية العربية العربية العربية العربية العربية العربية العربية العربية العربية العربية العربية العربية العربية العربية العربية العربية العربية العربية العربية العربية العربية العربية العربية العربية العربية العربية العربية العربية العربية العربية العربية العربية العربية العربية العربية العربية العربية العربية العربية العربية العربية العربية العربية العربية العربية العربية العربية العربية العربية العربية العربية العربية العربية العربية العربية العربية العربية العربية العربية العربية العربية العربية العربية العربية العربية العربية العربية العربية العربية العربية العربية العربية العربية العربية العربية العربية العربية العربية العربية العربية العربية العربية العربية العربية العربية العربية العربية العربية العربية العربية العربية العربية العربية العربية العربية العربية العربية العربية العربية العربية العربية العربية العربية العربية العربية العربية العربية العربية العربية العربية العربية العربية العربية العربية العربية العربية العربية العربية العربية العربية العربية العربية العربية العربية العربية العربية العربية العربية العربية العربية العربية العربية العربية العربية العربية العربية العربية العربية العربية العربية العربية العربية العربية العربية العربية العربية العربية العربية العربية العربية العربية العربية العربية العربية العربية العربية العربية العربية العربية العربية العربية العربية العربية العربية العربية العربية العربية العربية العربية العربية العربية العربية العربية العربية العربية العربية العربية العربية العربية العربية العربية العربية العربية العربية العربية العربية العربية العربية العربية العربية العربية العربية العربية العربية العربية العربية العربية العربية العربية العربية العربية العربية العربية العربية العربية العربية العربية العربية العربية العربية العربية العربية العربية العربية العربية العربية العربية العربية العربية العربية العربية العربية العربية العربية العربية العربية العربية العربية العربية العربية العربية العربية العربية العربية العربية العربية العربية العربية العربية العربية العربية العربية العربية العربية العربية العربية العربية العربية العربية العربية العربية العربية العربية العربية العربية العربية العربية العربية العربية العربية العربية العربية العربية العربية العربية العربية العربية العربية العربية العربية العربية العربية العربية العربية العربية العربية العربية العربية العربية العربية العربية العربية العربية العربية العربية العربية العربية العربية العربية العربية العربية العربية العربية العربية العربية العربية العربية العربية العربية العربية العربية العربية العربية العربية العربية العربية العربية العربية العربية العربية العربية العربية العربية العربية العربية العربية العربية العربية العربية العربية العربية العربية العربية العربية العربية العربية العربية العربية العربية العربية العربية العربية العربية العربية العربية العربية العربية العربية العربية العربية العربية العربية العربية العربية العربية العربية العربية العربية العربية العربية العربية العربية العربية العربية العربية العربية العربية العربية العربية العربية العربية العربية العربية العربية العربية العربية العربية العربية العربية العربية العربية العربية العربية العربية العربية العربية العربية العربية العربية العربية العربية العربية العربية العربية العربية العربية العربية العربية العربية العربية العربية العربية العربية العربية العربية العربية العربية العربية العربية العربية العربية العربية العربية العربية العربية العربية العربية العربية العربية العربية العربية العربية العربية العربية العربية العربية العربية العربية العربية العربية العربية العربية العربية العربية العربية العربية العربية العربية العربية العربية العربية العربية العربية العربية العربية العربية العربية العربية العربية العربية العربية العربية العربية العربية العربية العربية العربية العربية العربية العربية العربية العربية العربية العربية العربية العربية العربية العربية العربية العربية العربية العربية العربية العربية العربية",,,
149,<PIL.JpegImagePlugin.JpegImageFile image mode=RGB size=2459x160 at 0x793B11767ED0>,فعشتاروت بالنسبة للفينيقيين هي موطنهم الأصلي، ومعبودتهم هي رمز الحياة والجمال، وقد كانت أرضهم كأجمل ما تكون,,"""منشأة نقل السلع والخدمات هي وظيفة تتميز بتنوعها ومتطلباتها المتعددة. تشمل هذه الوظائف العديد من الأنشطة مثل: التسويق، والتسويق، والتسويق الرقمي، والتسويق عبر الإنترنت، والتسويق المدفوع، والتسويق المدفوع عبر الإنترنت، والتسويق عبر الفيديو، والتسويق عبر الفيديو الرقمي، والتسويق عبر الفيديو عبر الإنترنت، والتسويق عبر الفيديو المدفوع، والتسويق عبر الفيديو المدفوع عبر الإنترنت، والتسويق عبر الفيديو الرقمي، والتسويق عبر الفيديو الرقمي عبر الإنترنت، والتسويق عبر الفيديو المدفوع، والتسويق عبر الفيديو المدفوع عبر الإنترنت، والتسويق عبر الفيديو الرقمي، والتسويق عبر الفيديو الرقمي عبر الإنترنت، والتسويق عبر الفيديو المدفوع، والتسويق عبر الفيديو المدفوع عبر الإنترنت، والتسويق عبر الفيديو الرقمي، والتسويق عبر الفيديو الرقمي عبر الإنترنت، والتسويق عبر الفيديو المدفوع، والتسويق عبر الفيديو المدفوع عبر الإنترنت، والتسويق عبر الفيديو الرقمي، والتسويق عبر الفيديو الرقمي عبر الإنترنت، والتسويق عبر الفيديو المدفوع، والتسويق عبر الفيديو المدفوع عبر الإنترنت، والتسويق عبر الفيديو الرقمي، والتسويق عبر الفيديو الرقمي عبر الإنترنت، والتسويق عبر الفيديو المدفوع، والتسويق عبر الفيديو المدفوع عبر الإنترنت، والتسويق عبر الفيديو الرقمي، والتسويق عبر الفيديو الرقمي عبر الإنترنت، والتسويق عبر الفيديو المدفوع، والتسويق عبر الفيديو المدفوع عبر الإنترنت، والتسويق عبر الفيديو الرقمي، والتسويق عبر الفيديو الرقمي عبر الإنترنت، والتسويق عبر الفيديو المدفوع، والتسويق عبر الفيديو المدفوع عبر الإنترنت، والتسويق عبر الفيديو الرقمي، والتسويق عبر الفيديو الرقمي عبر الإنترنت، والتسويق عبر الفيديو المدفوع، والتسويق عبر الفيديو المدفوع عبر الإنترنت، والتسويق عبر الفيديو الرقمي، والتسويق عبر الفيديو الرقمي عبر الإنترنت، والتسويق عبر الفيديو المدفوع، والتسويق عبر الفيديو المدفوع عبر الإنترنت، والتسويق عبر الفيديو الرقمي، والتسويق عبر الفيديو الرقمي عبر الإنترنت، والتسويق عبر الفيديو المدفوع، والتسويق عبر الفيديو المدفوع عبر الإنترنت، والتسويق عبر الفيديو الرقمي، والتسويق عبر الفيديو الرقمي عبر الإنترنت، والتسويق عبر الفيديو المدفوع، والتسويق عبر الفيديو المدفوع عبر الإنترنت، والتسويق عبر الفيديو الرقمي، والتسويق عبر الفيديو الرقمي عبر الإنترنت، والتسويق عبر الفيديو المدفوع، والتسويق عبر الفيديو المدفوع عبر الإنترنت، والتسويق عبر الفيديو الرقمي، والتسويق عبر الفيديو الرقمي عبر الإنترنت، والتسويق عبر الفيديو المدفوع، والتسويق عبر الفيديو المدفوع عبر الإنترنت، والتسويق عبر الفيديو الرقمي، والتسويق عبر الفيديو الرقمي عبر الإنترنت، والتسويق عبر الفيديو المدفوع، والتسويق عبر الفيديو المدفوع عبر الإنترنت، والتسويق عبر الفيديو الرقمي، والتسويق عبر الفيديو الرقمي عبر الإنترنت، والتسويق عبر الفيديو المدفوع، والتسويق عبر الفيديو المدفوع عبر الإنترنت، والتسويق عبر الفيديو الرقمي، والتسويق عبر الفيديو الرقمي عبر الإنترنت، والتسويق عبر الفيديو المدفوع، والتسويق عبر الفيديو المدفوع عبر الإنترنت، والتسويق عبر الفيديو الرقمي، والتسويق عبر الفيديو الرقمي عبر الإنترنت، والتسويق عبر الفيديو المدفوع، والتسويق عبر الفيديو المدفوع عبر الإنترنت، والتسويق عبر الفيديو الرقمي، والتسويق عبر الفيديو الرقمي عبر الإنترنت، والتسويق عبر الفيديو المدفوع، والتسويق عبر الفيديو المدفوع عبر الإنترنت، والتسويق عبر الفيديو الرقمي، والتسويق عبر الفيديو الرقمي عبر الإنترنت، والتسويق عبر الفيديو المدفوع، والتسويق عبر الفيديو المدفوع عبر الإنترنت، والتسويق عبر الفيديو الرقمي، والتسويق عبر الفيديو الرقمي عبر الإنترنت، والتسويق عبر الفيديو المدفوع، والتسويق عبر الفيديو المدفوع عبر الإنترنت، والتسويق عبر الفيديو الرقمي، والتسويق",,,
150,<PIL.JpegImagePlugin.JpegImageFile image mode=RGB size=2360x119 at 0x793B1176C490>,ثانيا- المستوى المهاري لزراع محافظه الخرج المبحوثين بالزراعه المستدامة : يتضح من الجىول,,"""الإجابة الصحيحة هي (c) 1/2""",,,
151,<PIL.JpegImagePlugin.JpegImageFile image mode=RGB size=1017x455 at 0x793B1176CA10>,في مجال الزراعه المستدامه متوسطا,,في مجال الزراعة المحسنة متوسطة,,,
152,<PIL.JpegImagePlugin.JpegImageFile image mode=RGB size=2222x143 at 0x793B1176CF90>,  بكلمات لا أفهمها  بغـلس له الضابط لزمتك. سألت راجح هل وصل أصحابنا ظ ع ك ،,,"""لَنْ نُهَاجِرْ لَمْ نَصْبِرْ أَوْ مَثَلٌ مَّنْكَ مَا أَعْجَبْتَ مِنْ مَجْدَكَ فِي رَبِّكَ""",,,
153,<PIL.JpegImagePlugin.JpegImageFile image mode=RGB size=2051x144 at 0x793B1176D510>,عميقة  ومقابلة ما ورد فيها من قراءات للنصوص مع قراءات العلماء المحدثين,,"""كلمة: الاحتراف، وصياغتهما وردهما من مفردات اللغة العربية.""",,,
154,<PIL.JpegImagePlugin.JpegImageFile image mode=RGB size=2321x178 at 0x793B1176DA90>,شيخ. كان جاري في الخيمة يتكلم وهو نائم  بكلمات لا أفهمها مثل انقض بغـلس,,"""كأنه (ي) في لحمة يكمل وهو يُلقي (أ) فقرة إلهام""",,,
155,<PIL.JpegImagePlugin.JpegImageFile image mode=RGB size=1555x310 at 0x793B1176E010>,موقع لاخر ومن وقت لاخر في المكان الواحد.,,موضع لاحق ومنا لم تكن له آخر في المكان الواحد.,,,
156,<PIL.JpegImagePlugin.JpegImageFile image mode=RGB size=2411x501 at 0x793B1176E590>,في النجاة؛ فع جبت من ذلك كل العجب.,,"""فإن إجابة بعض جنسان ذلك كل الحبى.""",,,
157,<PIL.JpegImagePlugin.JpegImageFile image mode=RGB size=2431x152 at 0x793B1176EB10>,و لهذه الإبل رقاب كرقاب صغارالنعام ، و هي تقتحم البر ، و تأتيها بالفرج و تدراي,,"```
\partial_t^\alpha + C \partial_x^\beta + \varepsilon^\gamma \partial_{xx}^\gamma + \varepsilon^\delta \partial_{xxx}^\delta + \sum_{j=1}^m \mu_j \partial_{x^{(j)}}^\nu (y^{(j)} u^{(j)})^\sigma \partial_{x^{(j)}}^\rho,
```",,,
158,<PIL.JpegImagePlugin.JpegImageFile image mode=RGB size=2427x116 at 0x793B1176F090>,"وفي أرض، اليمن عدد كبير من الحِرار، ذكر السياح بعضها، مثل حرة ""أرحب""، وتقع",,"""يُحيى الحضور كمَا يُحيى الحضور في المهرجانات والمعارض والندوات والمؤتمرات والاجتماعات والندوات والمؤتمرات والاجتماعات والندوات والمؤتمرات والاجتماعات والندوات والمؤتمرات والاجتماعات والندوات والمؤتمرات والاجتماعات والندوات والمؤتمرات والاجتماعات والندوات والمؤتمرات والاجتماعات والندوات والمؤتمرات والاجتماعات والندوات والمؤتمرات والاجتماعات والندوات والمؤتمرات والاجتماعات والندوات والمؤتمرات والاجتماعات والندوات والمؤتمرات والاجتماعات والندوات والمؤتمرات والاجتماعات والندوات والمؤتمرات والاجتماعات والندوات والمؤتمرات والاجتماعات والندوات والمؤتمرات والاجتماعات والندوات والمؤتمرات والاجتماعات والندوات والمؤتمرات والاجتماعات والندوات والمؤتمرات والاجتماعات والندوات والمؤتمرات والاجتماعات والندوات والمؤتمرات والاجتماعات والندوات والمؤتمرات والاجتماعات والندوات والمؤتمرات والاجتماعات والندوات والمؤتمرات والاجتماعات والندوات والمؤتمرات والاجتماعات والندوات والمؤتمرات والاجتماعات والندوات والمؤتمرات والاجتماعات والندوات والمؤتمرات والاجتماعات والندوات والمؤتمرات والاجتماعات والندوات والمؤتمرات والاجتماعات والندوات والمؤتمرات والاجتماعات والندوات والمؤتمرات والاجتماعات والندوات والمؤتمرات والاجتماعات والندوات والمؤتمرات والاجتماعات والندوات والمؤتمرات والاجتماعات والندوات والمؤتمرات والاجتماعات والندوات والمؤتمرات والاجتماعات والندوات والمؤتمرات والاجتماعات والندوات والمؤتمرات والاجتماعات والندوات والمؤتمرات والاجتماعات والندوات والمؤتمرات والاجتماعات والندوات والمؤتمرات والاجتماعات والندوات والمؤتمرات والاجتماعات والندوات والمؤتمرات والاجتماعات والندوات والمؤتمرات والاجتماعات والندوات والمؤتمرات والاجتماعات والندوات والمؤتمرات والاجتماعات والندوات والمؤتمرات والاجتماعات والندوات والمؤتمرات والاجتماعات والندوات والمؤتمرات والاجتماعات والندوات والمؤتمرات والاجتماعات والندوات والمؤتمرات والاجتماعات والندوات والمؤتمرات والاجتماعات والندوات والمؤتمرات والاجتماعات والندوات والمؤتمرات والاجتماعات والندوات والمؤتمرات والاجتماعات والندوات والمؤتمرات والاجتماعات والندوات والمؤتمرات والاجتماعات والندوات والمؤتمرات والاجتماعات والندوات والمؤتمرات والاجتماعات والندوات والمؤتمرات والاجتماعات والندوات والمؤتمرات والاجتماعات والندوات والمؤتمرات والاجتماعات والندوات والمؤتمرات والاجتماعات والندوات والمؤتمرات والاجتماعات والندوات والمؤتمرات والاجتماعات والندوات والمؤتمرات والاجتماعات والندوات والمؤتمرات والاجتماعات والندوات والمؤتمرات والاجتماعات والندوات والمؤتمرات والاجتماعات والندوات والمؤتمرات والاجتماعات والندوات والمؤتمرات والاجتماعات والندوات والمؤتمرات والاجتماعات والندوات والمؤتمرات والاجتماعات والندوات والمؤتمرات والاجتماعات والندوات والمؤتمرات والاجتماعات والندوات والمؤتمرات والاجتماعات والندوات والمؤتمرات والاجتماعات والندوات والمؤتمرات والاجتماعات والندوات والمؤتمرات والاجتماعات والندوات والمؤتمرات والاجتماعات والندوات والمؤتمرات والاجتماعات والندوات والمؤتمرات والاجتماعات والندوات والمؤتمرات والاجتماعات والندوات والمؤتمرات والاجتماعات والندوات والمؤتمرات والاجتماعات والندوات والمؤتمرات والاجتماعات والندوات والمؤتمرات والاجتماعات والندوات والمؤتمرات والاجتماعات والندوات والمؤتمرات والاجتماعات والندوات والمؤتمرات والاجتماعات والندوات والمؤتمرات والاجتماعات والندوات والمؤتمرات والاجتماعات والندوات والمؤتمرات والاجتماعات والندوات والمؤتمرات والاجتماعات والندوات والمؤتمرات والاجتماعات والندوات والمؤتمرات والاجتماعات والندوات والمؤتمرات والاجتماعات والندوات والمؤتمرات والاجتماعات",,,
159,<PIL.JpegImagePlugin.JpegImageFile image mode=RGB size=2017x195 at 0x793B1176F610>,مع الشيخ. كان جاري في الخيمة يتكلم وهو نائم  بكلمات,,"""إسماعيل كان حارباً من الخجولة يشكل وهو نائم كالمات""",,,
160,<PIL.JpegImagePlugin.JpegImageFile image mode=RGB size=2269x1167 at 0x793B1176FB90>,فاتدة الكلمات التالية لهذا النص: مشمش، دراق، نميظ، ناء ،  بث ، نسر .,,"""خانة (الكلمات الكاملة لهذا النص): حشمش، دراق، ميني، ناد، شن.""",,,
161,<PIL.JpegImagePlugin.JpegImageFile image mode=RGB size=2204x91 at 0x793B11780150>,مثل انقض # بغـلس له الضابط لزمتك . سألت راجح هل بلغ أصحابنا ظ ع ك ، ث خ ض ، ب س ش ، ص غ هـ,,"\[
\left| \frac{\partial}{\partial x} \right|_{x=0} \leq C_1 \left( \frac{1}{r^2} + \frac{1}{r^3} \right)^{1/2}
\]

This expression involves the partial derivative with respect to \( x \) evaluated at \( x = 0 \), and it is bounded by a constant \( C_1 \) times the sum of two terms, each raised to the power of \( 1/2 \).",,,
162,<PIL.JpegImagePlugin.JpegImageFile image mode=RGB size=1939x125 at 0x793B117806D0>,جانيه أشجار الكافور التي تغطيه كله تقريبا، يذكرك بشوارع مدينة نانجينغ,,"""لأنه لا يزال مفتوحًا، فإن تطابقها بين كل دينيّة أو إنسانية، لا يمكن أن يصبح.""",,,
163,<PIL.JpegImagePlugin.JpegImageFile image mode=RGB size=2004x177 at 0x793B11780C50>,من الوفاة وشدة الوجد على الأولياء وهو من أعظم ما تقرب به العابدون,,من لوحه مشرد مُوجد علی لأولادنا، رضي الله عنهم أجمعين.,,,
164,<PIL.JpegImagePlugin.JpegImageFile image mode=RGB size=2027x135 at 0x793B11781210>, راجح هل بلغ أصحابنا ظ ع ك ، ث خ ض، ب س ش، ص غ ه أننا في الحج.  هل تعلم فائدة,,"""محلبنا طارق ٢٠١٤، ٢٠١٥، ٢٠١٦، ٢٠١٧، ٢٠١٨، ٢٠١٩، ٢٠٢٠، ٢٠٢١""",,,
165,<PIL.JpegImagePlugin.JpegImageFile image mode=RGB size=1822x129 at 0x793B11781750>,في الحج هل تعلم فائدة الكلمات التالية لهذا النص: مشمش,,"""الحاجة صار تعم فنادق الكنائس المتبعة للفن الإيطالي، متسخين""",,,
166,<PIL.JpegImagePlugin.JpegImageFile image mode=RGB size=2341x203 at 0x793B11781CD0>,"و أما جزيرة ""تاروت"" الصغيرة التي في هذا الخليج فالظاهر إنها جزيرة في جغرافية",,"""وأما حُرَّةٌ، كُونَ ) المُحيِّةٌ أَرْيَانَ هَا اللَّاحِجُ إِلَّا حُرَّةٌ وَ حُرَّةٌ أَرْيَانَ""",,,
167,<PIL.JpegImagePlugin.JpegImageFile image mode=RGB size=2357x152 at 0x793B11782250>,يلعب الأوزون دوراً كبيراً في وقاية كوكب الأرض من تأثيرات الأشعة فوق,,"""النقطة 1، 2، 3، 4، 5، 6، 7، 8، 9، 10، 11، 12، 13، 14، 15، 16، 17، 18، 19، 20، 21، 22، 23، 24، 25، 26، 27، 28، 29، 30، 31، 32، 33، 34، 35، 36، 37، 38، 39، 40، 41، 42، 43، 44، 45، 46، 47، 48، 49، 50، 51، 52، 53، 54، 55، 56، 57، 58، 59، 60، 61، 62، 63، 64، 65، 66، 67، 68، 69، 70، 71، 72، 73، 74، 75، 76، 77، 78، 79، 80، 81، 82، 83، 84، 85، 86، 87، 88، 89، 90، 91، 92، 93، 94، 95، 96، 97، 98، 99، 100، 101، 102، 103، 104، 105، 106، 107، 108، 109، 110، 111، 112، 113، 114，",,,
168,<PIL.JpegImagePlugin.JpegImageFile image mode=RGB size=2418x148 at 0x793B117827D0>,ذهب نوح مظفر ضرغام بصحبة رؤوف بن لؤي رايق ظافر عطعوط وهلال خازن,,الله هو صاحب السموات والأرض، رحمه الله، أعرف أن أراك في أمان، وجعلك خيراً,,,
169,<PIL.JpegImagePlugin.JpegImageFile image mode=RGB size=2154x147 at 0x793B11782D50>, له الضابط لزمتك. سالت راجح هل بلغ أصحابنا ظ ع ك,,"""لقد افتتحت ارضك، سألت روح الامور عن اصليات على""",,,
170,<PIL.JpegImagePlugin.JpegImageFile image mode=RGB size=2291x141 at 0x793B117832D0>,س ش، ص غ هـ أننا في الحج. هل تعلم فائدة الكلمات التالية لهذا النص: مشمش,,السؤال: ما هو المثل الذي يصف العلاقة بين الأشخاص؟,,,
171,<PIL.JpegImagePlugin.JpegImageFile image mode=RGB size=2052x96 at 0x793B11783850>,يسير الجمل متبخراً فخوراً بنفسه معتزاً،بطراً لا يقضم منها إلا ما يعتقد أنه طعام لذيذ له ،يقضم من موضع ثم,,"""مثلاً، إذا كان g(x) = x^2 + r، فإن مقداره في x = 0 هو r. أما إذا كان g(x) = x^3 + rx^2 + sx + t، فإن مقداره في x = 0 هو t.""",,,
172,<PIL.JpegImagePlugin.JpegImageFile image mode=RGB size=2128x208 at 0x793B11783DD0>,ندرة المعلومات ولا من حيث وضعها في سياق تاريخي منطقي، وذلك فيما,,"""اُلْحَمِّيَةُ وَ لَمْ يَصْبِرْ عَلَيْهِ إِنَّ سَبِيلَهَا رَكْسٌ مُنْتَفِرٌ ۖ إِذَا اسْتَغَافَ الْجَنَّةُ""",,,
173,<PIL.JpegImagePlugin.JpegImageFile image mode=RGB size=2082x106 at 0x793B11788390>,طفنا وسعينا مع شيخ. كان جاري في الخيمة يتكلم وهو نائم  بكلمات لا أفهمها,,السؤال: بماذا يشعرك كان تعبيرًا عن الاعتداء بحق نابي الله عليه؟,,,
174,<PIL.JpegImagePlugin.JpegImageFile image mode=RGB size=1842x586 at 0x793B11788910>,نسبياً بعد اكتشاف النحاس والبرونز حيث أن عملية صهرهما .,,"""لنسياً بعد أكستان لنحاس و البرونز حيث أن علبة همهم هنا.""",,,
175,<PIL.JpegImagePlugin.JpegImageFile image mode=RGB size=2456x95 at 0x793B11788E90>,ذهب نوح مظفر ضرغام بصحبه رؤوف بن لؤي رايق ظافر عطعوط وهلال خازن عفيف للحج.  بدأت قوافل,,"The text in the image appears to be a sequence of numbers and letters, but it is not clear what they represent without additional context. Here is the text as it was provided:

```
12345678901234567890123456789012345678901234567890123456789012345678901234567890123456789012345678901234567890123456789012345678901234567890123456789012345678901234567890123456789012345678901234567890123456789012345678901234567890123456789012345678901234567890123456789012345678901234567890123456789012345678901234567890123456789012345678901234567890123456789012345678901234567890123456789012345678901234567890123456789012345678901234567890123456789012345678901234567890123456789012345678901234567890123456789012345678901234567890123456789012345678901234567890123456789012345678901234567890123456789012345678901234567890123456789012345678901234567890123456789012345678901234567890123456789012345678901234567890123456789012345678901234567890123456789012345678901234567890123456789012345678901234567890123456789012345678901234567890123456789012345678901234567890123456789012345678901234567890123456789012345678901234567890123456789012345678901234567890123456789012345678901234567890123456",,,
176,<PIL.JpegImagePlugin.JpegImageFile image mode=RGB size=1956x145 at 0x793B11789410>,بقايا أنهار جفت، وتسيل في بعضها المياه عند سقوط الأمطار، ومنها,,"""إذاً أهداها عند، ونفير (٦) حضها إليه عند سوقها الأخذلا، وعند""",,,
177,<PIL.JpegImagePlugin.JpegImageFile image mode=RGB size=1948x202 at 0x793B11789990>,ث خ ض  ب س ش  ص غ هـ  اننا في الحج  هل تعلم  فائدة الكلمات,,"""نحن بمسافة 500 م انا في الح ج ونعم ماهي أبدًا""",,,
178,<PIL.JpegImagePlugin.JpegImageFile image mode=RGB size=2299x151 at 0x793B11789F10>,ذهب نوح مظفر ضرغام بصحبه رؤوف بق لؤي دايق ظافر عطعوط وهلال خازن,,"""لذا فإن (x,y) ينتمي إلى D، حيث x و y تحققان معادلات f(x,y)=0.""",,,
179,<PIL.JpegImagePlugin.JpegImageFile image mode=RGB size=1982x116 at 0x793B1178A490>,وسعينا مع # شيخ. # كان جاري في # الخيمة يتكلم وهو نائم  بكلمات,,"""و لَمْ يَكُنَّ مِنَ الْقَوْمِ إِلَّا قَوْمًا يُؤْمِنُونَ وَ لَمْ يَكُنَّ مِنَ الْقَوْمِ إِلَّا قَوْمًا يُؤْمِنُونَ""",,,
180,<PIL.JpegImagePlugin.JpegImageFile image mode=RGB size=1816x139 at 0x793B1178AA10>,وتتحول بدلك من الحالة السائلة على شكل بخار ماء.,,و تتحور أدلة من الصلاة إلى شيء على شكل بخار من ماء,,,
181,<PIL.JpegImagePlugin.JpegImageFile image mode=RGB size=2272x524 at 0x793B1178AF90>,تعلم فائدة الكلمات التالية لهذا النص: مشمس، دراق، غيظ ، ناء ،  بث ، نسر.,,"""نُظِّمَ فِئَةٌ مِنْ الْأَخْلَامِ: مُسْتَقِيمٌ، دَرَاجٍ، نَعِيَّةٌ، نَبَتٌ، وَنَسْرُ""",,,
182,<PIL.JpegImagePlugin.JpegImageFile image mode=RGB size=2453x142 at 0x793B1178B510>,و يثير فيها عواطف الشجن المنبعثة من قسوة الحياة وشعها# و فقر الأرض، فتأخذ,,"""وَيُجِيءُ بِالْكِتَابِ الْمُجِيدُ فِي صُورٍ أَيْنَامٍ وَشُعرٍ مُّبْصِرٍ إِلَى الْحَسَنِ مَا كَانَ""",,,
183,<PIL.JpegImagePlugin.JpegImageFile image mode=RGB size=2269x141 at 0x793B1178BA90>,المحدثين في إدراك أهمية الدراسات الآثار.,,الله لا إله إلا هو، الحمد لله، والصلاة والسلام على سيدنا محمد وعلى آله وصحبه وسلموا وسلموا وسلموا.,,,
184,<PIL.JpegImagePlugin.JpegImageFile image mode=RGB size=2027x96 at 0x793B11798050>,المسببة لظاهرة الإحتباس الحراري في الغلاف الجوي والتغير المناخي في إرتفاع درجة,,"""طبيعة الاصطناعي، د/ ر. س. حمودة""",,,
185,<PIL.JpegImagePlugin.JpegImageFile image mode=RGB size=1978x128 at 0x793B117985D0>,يتكلم وهو نائم  بكلمات لا أفهمها مثل انقض بغـلس له الضابط لزمتك. سألت راجح هل بلغ,,"""بكلمكم وكم ناهمكم، كنتم أشجعكم، أنفخر بذكرى الله العظيم في مشاهداتكم، جامعو ليلة""",,,
186,<PIL.JpegImagePlugin.JpegImageFile image mode=RGB size=1722x508 at 0x793B11798B50>,في هذا العمر المتعدم وني هذا النظام من الزراعة . المواد وطرق البحث :,,"""من هذا العصر المقدم ونظامه الزراعي. المواد والطرق التي تستخدم في الزراعة.""",,,
187,<PIL.JpegImagePlugin.JpegImageFile image mode=RGB size=2443x138 at 0x793B117990D0>,مثل طريقة السرد، الخيال و المبالغة ، لا منطقية الأحداث . باختصار شديد,,"""نَلْمُرِّةٌ لِسُوْرَةِ نَازِلَةِ وَالْيَادِسَةِ، نَزَدْمُدْتُ إِذْ أَنْفَقْتُ.""",,,
188,<PIL.JpegImagePlugin.JpegImageFile image mode=RGB size=2352x128 at 0x793B11799650>,وكان الحصاد يتم بالأيدي والمناجل و فتخرج القرية أو العشيرة عن بكرة أبيها في الصباح,,"""العربية تُعدّ اللغة الأولى للعالم، وتُعتبر من اللغات القديمة والمتقدمة، وتعتبر اللغة الأم للعديد من الدول العربية، وتُستخدم في العديد من المجالات، مثل التعليم والبحث العلمي والسياسة والاقتصاد والفنون وغيرها.""",,,
189,<PIL.JpegImagePlugin.JpegImageFile image mode=RGB size=2144x162 at 0x793B11799BD0>,يتكلم وهو نائم بكلمات لا أفهمها مثل انقض بفلس له الضابط لزمتك. سألت راجح هل بلغ,,"""یکی از مهم‌ترین کلیدهای ارتباطی بین دو شخص، نشست در جرجی یا دیدن""",,,
190,<PIL.JpegImagePlugin.JpegImageFile image mode=RGB size=2041x138 at 0x793B1179A150>, سألت راجح هل بلغ أصحابنا ظ ع ك ، ث خ ض، ب,,"""ما أنت راحم؟ هل بعثنا أحمراً في الأرض؟""",,,
191,<PIL.JpegImagePlugin.JpegImageFile image mode=RGB size=2384x1153 at 0x793B1179A6D0>,مشمش، دراق، غيظ، ناء ،  بث ، نسر,,مُنْصَفٌ، حِقْتُهُ، نَاءٌ، يَتَّبَعُ شَرْءُهُ,,,
192,<PIL.JpegImagePlugin.JpegImageFile image mode=RGB size=1975x158 at 0x793B1179AC50>,قال والله فعلت. فقال الكندي : ما بعد الله شيء ! قال عمر : فكتفه,,"""الله تعالى مقال الشريعة ما بحده الله شريرًا، فلا كرم: فضائل""",,,
193,<PIL.JpegImagePlugin.JpegImageFile image mode=RGB size=2486x174 at 0x793B1179B210>,وهذا # ما فعلته حقا . حيث حققت السيدة دولينج مبيعات بلغت الآن 400 مليون نسخة,,"""وإن لم تجد حلاً حسنًا، حسناً تحضّرْ إنساً روباهيّاً، لامتنع عن طلبه.""",,,
194,<PIL.JpegImagePlugin.JpegImageFile image mode=RGB size=2146x153 at 0x793B1179B750>,وسعينا مع شيخ . كان جاري في الخيمه وهو نائم  بكلمات لا أفهمها مثل انقض,,"""د حسبنا الله لا إله إلا هو وحده لا شريك له من لطفه من نعمه ما نغفل""",,,
195,<PIL.JpegImagePlugin.JpegImageFile image mode=RGB size=2122x177 at 0x793B1179BCD0>,وفقا للأرقام المعلنه للأرقام المعلنه في نهايه عام 2008 ،ألفت,,"""الإجابة هي (2, 3)""",,,
196,<PIL.JpegImagePlugin.JpegImageFile image mode=RGB size=2111x216 at 0x793B1179C290>, هو الأوطأ بالعالم (حوالي 400 متر تحت صلح الجر)،وهو أيضا أكبر,,"""الدُّوْلَةُ بالعالم (هولاند) لم تَتَّسع (19) رُباعياً""",,,
197,<PIL.JpegImagePlugin.JpegImageFile image mode=RGB size=1970x98 at 0x793B1179C810>,أخرى.    3. # تطوير القدرة على المشاركة في الحياة الاجتماعية والثقافية والسياسية,,"""الإنسانية، والثانية، والثالثة، والرابعة، والخامسة، والسادسة، والسابعة، والسادسة، والسابعة، والسابعة، والسابعة، والسابعة، والسابعة، والسابعة، والسابعة، والسابعة، والسابعة، والسابعة، والسابعة، والسابعة، والسابعة، والسابعة، والسابعة، والسابعة، والسابعة، والسابعة، والسابعة، والسابعة، والسابعة، والسابعة، والسابعة، والسابعة، والسابعة، والسابعة، والسابعة، والسابعة، والسابعة، والسابعة، والسابعة، والسابعة، والسابعة، والسابعة، والسابعة، والسابعة، والسابعة، والسابعة، والسابعة، والسابعة، والسابعة، والسابعة، والسابعة، والسابعة، والسابعة، والسابعة، والسابعة، والسابعة، والسابعة، والسابعة، والسابعة، والسابعة، والسابعة، والسابعة، والسابعة، والسابعة، والسابعة، والسابعة، والسابعة، والسابعة، والسابعة، والسابعة، والسابعة، والسابعة، والسابعة، والسابعة، والسابعة، والسابعة، والسابعة، والسابعة، والسابعة، والسابعة، والسابعة، والسابعة، والسابعة، والسابعة، والسابعة، والسابعة، والسابعة، والسابعة، والسابعة، والسابعة، والسابعة، والسابعة، والسابعة، والسابعة، والسابعة، والسابعة، والسابعة، والسابعة، والسابعة، والسابعة، والسابعة، والسابعة، والسابعة، والسابعة، والسابعة، والسابعة، والسابعة، والسابعة، والسابعة، والسابعة، والسابعة، والسابعة، والسابعة، والسابعة، والسابعة، والسابعة، والسابعة، والسابعة، والسابعة، والسابعة، والسابعة، والسابعة، والسابعة، والسابعة، والسابعة، والسابعة، والسابعة، والسابعة، والسابعة، والسابعة، والسابعة، والسابعة، والسابعة، والسابعة، والسابعة، والسابعة، والسابعة، والسابعة، والسابعة، والسابعة، والسابعة، والسابعة، والسابعة، والسابعة، والسابعة، والسابعة، والسابعة، والسابعة، والسابعة، والسابعة، والسابعة، والسابعة، والسابعة، والسابعة، والسابعة، والسابعة، والسابعة، والسابعة، والسابعة، والسابعة، والسابعة، والسابعة، والسابعة، والسابعة، والسابعة، والسابعة، والسابعة، والسابعة، والسابعة، والسابعة، والسابعة، والسابعة، والسابعة، والسابعة، والسابعة، والسابعة، والسابعة، والسابعة، والسابعة، والسابعة، والسابعة، والسابعة، والسابعة، والسابعة، والسابعة، والسابعة، والسابعة، والسابعة، والسابعة، والسابعة، والسابعة، والسابعة، والسابعة، والسابعة، والسابعة، والسابعة، والسابعة، والسابعة، والسابعة، والسابعة، والسابعة، والسابعة، والسابعة، والسابعة، والسابعة، والسابعة، والسابعة، والسابعة، والسابعة، والسابعة، والسابعة، والسابعة، والسابعة، والسابعة، والسابعة، والسابعة، والسابعة، والسابعة، والسابعة، والسابعة، والسابعة، والسابعة، والسابعة، والسابعة، والسابعة، والسابعة، والسابعة، والسابعة، والسابعة، والسابعة، والسابعة، والسابعة، والسابعة، والسابعة، والسابعة، والسابعة، والسابعة، والسابعة، والسابعة، والسابعة، والسابعة، والسابعة، والسابعة، والسابعة، والسابعة، والسابعة، والسابعة، والسابعة، والسابعة، والسابعة، والسابعة، والسابعة، والسابعة، والسابعة",,,
198,<PIL.JpegImagePlugin.JpegImageFile image mode=RGB size=1962x123 at 0x793B1179CD90>, السابقين عن الإدارة العامة إلا إنه لم يعد # هنالك شك  في,,"""هذه ركز شرك في إدارة الأمانة والأمان.""",,,
199,<PIL.JpegImagePlugin.JpegImageFile image mode=RGB size=2059x114 at 0x793B1179D310>,جليدي زحفت خلالها الثلوج إلى وسط وجنوب أوربا وانخفضت خلالها,,"""مهم جداً، حيث أن هذا النوع من الأدوية لا يُستخدم إلا لعلاج الأمراض المعدية.""",,,
