,image,ground_truth,qwenv2.5_3B,ground_truth_t,qwenv2.5_3B_t
0,<PIL.Image.Image image mode=RGB size=689x126 at 0x7FDB28C62990>,المفهوم العلمي للروح من المنظور الاسلام انتشار السلام بحد السيف بين الحقيق والافترا عاش بنت بي بكر رضي الله عنهما طفالنا والذكا العلماني في ضو الفكر السلامي هل تسالات ضعف التربي الروحي التدين المغشوش حذروا المهلكات فتاو وحكام,المقيم العلمي للروح من المنظور الإسلامي انتشار السلام بحد السيف بين الحقائق والاعتبار عاثث يبت بكر رضي الله عنهما طفانه وادناها العلماني في ضوء الفكر السلمي هل تسالات ضعف التربى الروحي البدين المغشوش حذروا المهمكات فتاوا وحكم,المفهوم العلمي للروح من المنظور الاسلام انتشار السلام بحد السيف بين الحقيق والافترا عاش بنت بي بكر رضي الله عنهما طفالنا والذكا العلماني في ضو الفكر السلامي هل تسالات ضعف التربي الروحي التدين المغشوش حذروا المهلكات فتاو وحكام,المقيم العلمي للروح من المنظور الإسلامي انتشار السلام بحد السيف بين الحقائق والاعتبار عاثث يبت بكر رضي الله عنهما طفانه وادناها العلماني في ضوء الفكر السلمي هل تسالات ضعف التربى الروحي البدين المغشوش حذروا المهمكات فتاوا وحكم
1,<PIL.Image.Image image mode=RGB size=689x128 at 0x7FDB28B02290>,فتاو وحكام السن والحديث قرا في كتاب سماح السلام في الدعو ل الله المفهوم العلمي لتسبيح الكانات لرب العالمين ندو بالقاهر حوار بين سر مسلم النيرات المنيرات كفال اليتيم الصبر عل البلا عمرك في يومك ثر اليمان في المجتمع هيا نمن فتاو وحكام,"'       :

""فقال وحكم السن والحديث قرأ في كتاب سماح السلم في العمل الله المتفهم العلمي لتسبيح الكائنات لرب العالمين ندو بالقائم حوار بين سر مسلم التبشيرات المثيرة كفال اليتيم الصبر على اليدا عمك في يومنك تر اليمان في المجتمع هيا تمن فتاوا وحكم""",فتاو وحكام السن والحديث قرا في كتاب سماح السلام في الدعو ل الله المفهوم العلمي لتسبيح الكانات لرب العالمين ندو بالقاهر حوار بين سر مسلم النيرات المنيرات كفال اليتيم الصبر عل البلا عمرك في يومك ثر اليمان في المجتمع هيا نمن فتاو وحكام,"'       :

""فقال وحكم السن والحديث قرأ في كتاب سماح السلم في العمل الله المتفهم العلمي لتسبيح الكائنات لرب العالمين ندو بالقائم حوار بين سر مسلم التبشيرات المثيرة كفال اليتيم الصبر على اليدا عمك في يومنك تر اليمان في المجتمع هيا تمن فتاوا وحكم"""
2,<PIL.Image.Image image mode=RGB size=691x134 at 0x7FDB2B7B2210>,فتاو وحكام الجرح والتعديل قرا في كتاب حقيق السلام لمحمد السنراوي سرار العجاز العددي ف القرن الكريم كيف تقوي ثقتك بنفسك البحث عن ثقاف الشباب المسلم ومضات من جل حيا ناجح النيرات المنيرات الثار السي للطمع كيف نقر القرن الكريم فتاو وحكام,"        :

```
فقام وحكم الحج والعديد قرأ في كتاب حقائق السلام لمحمد السراوي سرار العجز العدي في القرن الكريم كيف تقوي تقدمك بتفسير البحث عن نفاذ الشباب المسلم ومصات من جل حيا ناجح المديرات الثار السي للتمع كيف تقر القرن الكريم فقام وحكم
```",فتاو وحكام الجرح والتعديل قرا في كتاب حقيق السلام لمحمد السنراوي سرار العجاز العددي ف القرن الكريم كيف تقوي ثقتك بنفسك البحث عن ثقاف الشباب المسلم ومضات من جل حيا ناجح النيرات المنيرات الثار السي للطمع كيف نقر القرن الكريم فتاو وحكام,"        :

```
فقام وحكم الحج والعديد قرأ في كتاب حقائق السلام لمحمد السراوي سرار العجز العدي في القرن الكريم كيف تقوي تقدمك بتفسير البحث عن نفاذ الشباب المسلم ومصات من جل حيا ناجح المديرات الثار السي للتمع كيف تقر القرن الكريم فقام وحكم
```"
3,<PIL.Image.Image image mode=RGB size=691x170 at 0x7FDB285BA650>,نادي نزو يحتف بختام نشطته الصيفي نشط ثقافي متنوع تنطلق في عاصم الثقاف العربي صنعا وزير الشون الجتماعي اللبناني يحذر العرب من الهجم الشرس لتحطيم عناصر قوتهم عدد جديد من مجل الهلال مشارك تشكيلي سوري في معرض فرانكفورت افتتاح هاد ونيق لمهرجان الاسكندري السينماي كل سبت نادي نزو يحتف بختام نشطته الصيفي,"'       :

نادي نزو يحتفظ بختم نشطته الصيفي نشط تقافي متوقع تتطلق في عاصم الثقاف العربي صنعا وزيز الشون

الاجتماعي اللبناني يحذر العرب من الهجم الشرس لحطم عناصر قوتهم عدد جديد من مجال الالبال مشارك

تشكلي سوري في معرض فرانكفورت افتتاح هاد ونينق لمهرجان الاسكندري السيمنتي كل سبت نادي نزو

يحتفظ بختم نشطته الصيفي",نادي نزو يحتف بختام نشطته الصيفي نشط ثقافي متنوع تنطلق في عاصم الثقاف العربي صنعا وزير الشون الجتماعي اللبناني يحذر العرب من الهجم الشرس لتحطيم عناصر قوتهم عدد جديد من مجل الهلال مشارك تشكيلي سوري في معرض فرانكفورت افتتاح هاد ونيق لمهرجان الاسكندري السينماي كل سبت نادي نزو يحتف بختام نشطته الصيفي,"'       :

نادي نزو يحتفظ بختم نشطته الصيفي نشط تقافي متوقع تتطلق في عاصم الثقاف العربي صنعا وزيز الشون

الاجتماعي اللبناني يحذر العرب من الهجم الشرس لحطم عناصر قوتهم عدد جديد من مجال الالبال مشارك

تشكلي سوري في معرض فرانكفورت افتتاح هاد ونينق لمهرجان الاسكندري السيمنتي كل سبت نادي نزو

يحتفظ بختم نشطته الصيفي"
4,<PIL.Image.Image image mode=RGB size=689x160 at 0x7FDB20163350>,مسي شعري بالرستاق وزار التراث والثقاف تعلن عن اسما الفرق المسرحي الاهلي المشارك في مهرجان المسرح العماني الاول يقدم الدنيا حظوظ في رمضان القادم الكوميدي العراقي عامر العمري في حديث ل الوطن يحي عياش يعود من جديد من خلال الدراما السوري بيت ديكسون شاهد عل العمار التقليدي الكويتي مرايا مقاربات مسي شعري بالرستاق,"'       :

مسى شعري بالرستاق وزار التراث والثقاف تعنى عن اسما الفرق المسرحي الاهلی المشارک في مهرجان

المسرح العماني الامل يقدم الدنيا خطوط في رمضان القادم الكوميدي العراقي عامر العمري في حديث ل

الوطن يحي عياش يجود من جديد من خلال الدراما السوري يتیدكسوس شاهد على العمار التقليدي الكويتی

مرايا مقاربات مسی شعري بالرستاق",مسي شعري بالرستاق وزار التراث والثقاف تعلن عن اسما الفرق المسرحي الاهلي المشارك في مهرجان المسرح العماني الاول يقدم الدنيا حظوظ في رمضان القادم الكوميدي العراقي عامر العمري في حديث ل الوطن يحي عياش يعود من جديد من خلال الدراما السوري بيت ديكسون شاهد عل العمار التقليدي الكويتي مرايا مقاربات مسي شعري بالرستاق,"'       :

مسى شعري بالرستاق وزار التراث والثقاف تعنى عن اسما الفرق المسرحي الاهلی المشارک في مهرجان

المسرح العماني الامل يقدم الدنيا خطوط في رمضان القادم الكوميدي العراقي عامر العمري في حديث ل

الوطن يحي عياش يجود من جديد من خلال الدراما السوري يتیدكسوس شاهد على العمار التقليدي الكويتی

مرايا مقاربات مسی شعري بالرستاق"
5,<PIL.Image.Image image mode=RGB size=689x160 at 0x7FDB20163450>,احتفال راع باليوم الرياضي للولمبياد الخاص العماني السويق يحول خسارته ل تعادل مع صور ريس نادي الهلال الفريق عازم عل فتح صفح جديد وتعويض ما فاته روي يفرض التعادل عل النصر في الدقيق الاخير ف بطول الصداق الثالث بقطر من الدوري العماني لكر القدم فوز بهلا والسيب وصحار عل السويق والسلام وصحم تسديد برشلون وفالنسيا ل ربع النهاي,"'       :

احتفال رائع باليوم الرياضي للومبياد الخاص العماني السوق يحمل خسارته ل تعادل مع صور ريس ثادي

الجالب الفريق عام فتح صحح جديد وتتويض ما فاتة روي يفرض التعادل على النصر في الدقيق الأخير ف

بطول الصداقات الثالث بقطر من الدوري العماني لك القدم فوز بهلا والسبب وصارح على السوق والسلام

وصحم تسديد برشلونة فالنسيا ل ربع النهائي",احتفال راع باليوم الرياضي للولمبياد الخاص العماني السويق يحول خسارته ل تعادل مع صور ريس نادي الهلال الفريق عازم عل فتح صفح جديد وتعويض ما فاته روي يفرض التعادل عل النصر في الدقيق الاخير ف بطول الصداق الثالث بقطر من الدوري العماني لكر القدم فوز بهلا والسيب وصحار عل السويق والسلام وصحم تسديد برشلون وفالنسيا ل ربع النهاي,"'       :

احتفال رائع باليوم الرياضي للومبياد الخاص العماني السوق يحمل خسارته ل تعادل مع صور ريس ثادي

الجالب الفريق عام فتح صحح جديد وتتويض ما فاتة روي يفرض التعادل على النصر في الدقيق الأخير ف

بطول الصداقات الثالث بقطر من الدوري العماني لك القدم فوز بهلا والسبب وصارح على السوق والسلام

وصحم تسديد برشلونة فالنسيا ل ربع النهائي"
6,<PIL.Image.Image image mode=RGB size=691x168 at 0x7FDB20163210>,الثار الروحي والسلوكي لفريض الحج خطوات الحج شيخ الزهر لا خلاف بين السن والشيع تجديد الفقه السلامي ضرور لمساير قضايا العصر من وجوه العجاز القرني المقداد بن عمرو ونزلنا من السما ما طهورا علاق القواعد اللغوي بالقواعد الاصولي في بيان عن مجمع البحوث السلامي كيف تكتب بحثا في العلوم الشرعي والاخلاقي والتاريخي حذروا المهلكات فتاو وحكام,"        :

الروحاني والسلوكي لفريض الحج خطوات الحج شيخ الزندر لا خلاف بين السن والشيعي تجديد الفقه

السلامي ضروري لمساريا قضايا العصر من وجه العجار القريش المقداد بن عمرو وزندا من السما ما طهورا علاق

القواعد اللغوي بالقواعد الاصولى في بيان عن مجمع البحث السلامي كيف تكتب بحثا في العلم الشرعي

والاحلاقي والتاريخي حذروا المهنيات فتاوا وحكم",الثار الروحي والسلوكي لفريض الحج خطوات الحج شيخ الزهر لا خلاف بين السن والشيع تجديد الفقه السلامي ضرور لمساير قضايا العصر من وجوه العجاز القرني المقداد بن عمرو ونزلنا من السما ما طهورا علاق القواعد اللغوي بالقواعد الاصولي في بيان عن مجمع البحوث السلامي كيف تكتب بحثا في العلوم الشرعي والاخلاقي والتاريخي حذروا المهلكات فتاو وحكام,"        :

الروحاني والسلوكي لفريض الحج خطوات الحج شيخ الزندر لا خلاف بين السن والشيعي تجديد الفقه

السلامي ضروري لمساريا قضايا العصر من وجه العجار القريش المقداد بن عمرو وزندا من السما ما طهورا علاق

القواعد اللغوي بالقواعد الاصولى في بيان عن مجمع البحث السلامي كيف تكتب بحثا في العلم الشرعي

والاحلاقي والتاريخي حذروا المهنيات فتاوا وحكم"
7,<PIL.Image.Image image mode=RGB size=689x160 at 0x7FDB28AFB610>,السهر في الغني مفرد النس والاشتياق والتمني علان جاز سلطان بن علي العويس الثقافي للنجاز الثقافي والعلمي ايوب ملنج يعود من المشارك في سيمبوزم النحت الول بالبحرين العروض تتوال في احتفاي يام مجان السينماي سو عوام العرب ندو في دمشق حول رواي المقاوم هموم صغير جاز البداع العلامي الرياضي والثقاف السهر في الغني مفرد النس والاشتياق والتمني,"        :

السمر في الغني مفرد النس والاشتياق والتحمي علان حاز سلطان بن علي العيسى الثقافي للتجار التقافي
والعلمي اروب منج يعود من المشارك في سيمبوزم التحت المل بالبحرين العروض توال في اختفاي يام
مجان السينمائي سو عوم العرب ندو في دمشق حول رواي المقاهم هموم صغير حاز البداع العلمي الرياضي
والانتفاق السمر في الغني مفرد النس والاشتياق والتحمي",السهر في الغني مفرد النس والاشتياق والتمني علان جاز سلطان بن علي العويس الثقافي للنجاز الثقافي والعلمي ايوب ملنج يعود من المشارك في سيمبوزم النحت الول بالبحرين العروض تتوال في احتفاي يام مجان السينماي سو عوام العرب ندو في دمشق حول رواي المقاوم هموم صغير جاز البداع العلامي الرياضي والثقاف السهر في الغني مفرد النس والاشتياق والتمني,"        :

السمر في الغني مفرد النس والاشتياق والتحمي علان حاز سلطان بن علي العيسى الثقافي للتجار التقافي
والعلمي اروب منج يعود من المشارك في سيمبوزم التحت المل بالبحرين العروض توال في اختفاي يام
مجان السينمائي سو عوم العرب ندو في دمشق حول رواي المقاهم هموم صغير حاز البداع العلمي الرياضي
والانتفاق السمر في الغني مفرد النس والاشتياق والتحمي"
8,<PIL.Image.Image image mode=RGB size=689x160 at 0x7FDB28AFBD50>,القو العامل تصدر بطاق سجل قو عامل خلال السبوع الماضي العطي يبد زيار رسمي لنيودلهي وسلام باد الثلاثا المقبل بد حلق عمل التفكير الابتكار ف حل المشكلات واتخاذ القرارات لمسولي وزار القو العامل وفد تجاري صيني يزور السلطن ريس وبك وبوش يعربان عن قلقهما زا ارتفاع سعار النفط هموم اقتصادي مستثمرون خليجيون يزورون منطق الباطن والمنطق الصناعي بصحار,"        :

القوى العاملة تصدر بطاق سجل قو عامل خلال الأسبوع الماضي العطي يبد زرار رسمي لينجدلهي وسلام باد

اللائنا المقبل بد حلقى عمل التفكير الإبتكار ف حل المشكلات وإتخاذ القرارات لمسيوي وزار القو العامل وقد

تجاي صيفي يزور السلطان ريس وليك وينش يعران عن قلقهما نزا ارتفاع سعار النفط اقتصادي

مستثمرون خليجيون يزورون منطقة الباطن والمنطقة الصناعي بصحار",القو العامل تصدر بطاق سجل قو عامل خلال السبوع الماضي العطي يبد زيار رسمي لنيودلهي وسلام باد الثلاثا المقبل بد حلق عمل التفكير الابتكار ف حل المشكلات واتخاذ القرارات لمسولي وزار القو العامل وفد تجاري صيني يزور السلطن ريس وبك وبوش يعربان عن قلقهما زا ارتفاع سعار النفط هموم اقتصادي مستثمرون خليجيون يزورون منطق الباطن والمنطق الصناعي بصحار,"        :

القوى العاملة تصدر بطاق سجل قو عامل خلال الأسبوع الماضي العطي يبد زرار رسمي لينجدلهي وسلام باد

اللائنا المقبل بد حلقى عمل التفكير الإبتكار ف حل المشكلات وإتخاذ القرارات لمسيوي وزار القو العامل وقد

تجاي صيفي يزور السلطان ريس وليك وينش يعران عن قلقهما نزا ارتفاع سعار النفط اقتصادي

مستثمرون خليجيون يزورون منطقة الباطن والمنطقة الصناعي بصحار"
9,<PIL.Image.Image image mode=RGB size=689x162 at 0x7FDB201DBE90>,انطلاق الاجتماع التاسع عشر للجن الثقافي بمجلس التعاون بالرياض قبل رحيله محمد شاهين ل الوطن اليمن تشارك في مهرجان البادي في المارات حرب الجزار في شقيها الرسمي وغير الرسمي من خلال معرض للصور في باريس زدواجي النا الخر في فن الممثل قص قصير حبر عل ورق مقاربات اليوم وبمشارك السلطن انطلاق الاجتماع التاسع عشر للجن الثقافي بمجلس التعاون بالرياض,"""انطلاق الاجتماع التاسع عشر للجنة الثقافي بمجلس التعاون بالرياض قبل جهله محمد شاهدين ل الوطن اليمن تشارك في مهرجان البادي في الدارات حرب الجزائر في شقيقها الرسمي وغير الرسمي من خلال معرض للصور في باريس زواجي النا آخر في الممثل قصيرة جبر على ورق مقابات اليم ويشترك السلطان انطلاق الاجتماع التاسع عشر للجنة الثقافي بمجلس التعاون بالرياض""",انطلاق الاجتماع التاسع عشر للجن الثقافي بمجلس التعاون بالرياض قبل رحيله محمد شاهين ل الوطن اليمن تشارك في مهرجان البادي في المارات حرب الجزار في شقيها الرسمي وغير الرسمي من خلال معرض للصور في باريس زدواجي النا الخر في فن الممثل قص قصير حبر عل ورق مقاربات اليوم وبمشارك السلطن انطلاق الاجتماع التاسع عشر للجن الثقافي بمجلس التعاون بالرياض,"""انطلاق الاجتماع التاسع عشر للجنة الثقافي بمجلس التعاون بالرياض قبل جهله محمد شاهدين ل الوطن اليمن تشارك في مهرجان البادي في الدارات حرب الجزائر في شقيقها الرسمي وغير الرسمي من خلال معرض للصور في باريس زواجي النا آخر في الممثل قصيرة جبر على ورق مقابات اليم ويشترك السلطان انطلاق الاجتماع التاسع عشر للجنة الثقافي بمجلس التعاون بالرياض"""
10,<PIL.Image.Image image mode=RGB size=691x166 at 0x7FDB20163190>,من الوظاف الخليجي للقو العامل الوافد ونسب الباحثين عن العمل بالخليج تتراوح بين ل وزير القوي العامل يزور المقر الريسي لمكاتب ودار شرك هاليبورتون العالمي القمح العماني اقتراحات لتطوير الانتاج لجن المواد الغذاي بالغرف تعقد اجتماعها الول طيران الخليج تحلق في ربوعها جنون البقر قد يضطر واشنطن للاستعان بلحم الثور البري كهربا ومياه هموم اقتصادي,"        :

من العوائق الخليجية للتوظيف الوافد ونسب الباحثين عن العمل بالخليج تتراوح بين ل وزير القوى العامل يزور المقر الرئيسي لمكاتب ودار شرك دالبيورتون العالمي القمح العمالي اقتراحات لتطوير الانتاج لجن الحواد الغذائي بالغرض تعتقد اجتماعاتها المل طيران الخليج تحقق في روميها جنوب الشرق قد يضطر واشنطن للاستعان بلحم إثر انبري كهربا وحماية هموم اقتصادي",من الوظاف الخليجي للقو العامل الوافد ونسب الباحثين عن العمل بالخليج تتراوح بين ل وزير القوي العامل يزور المقر الريسي لمكاتب ودار شرك هاليبورتون العالمي القمح العماني اقتراحات لتطوير الانتاج لجن المواد الغذاي بالغرف تعقد اجتماعها الول طيران الخليج تحلق في ربوعها جنون البقر قد يضطر واشنطن للاستعان بلحم الثور البري كهربا ومياه هموم اقتصادي,"        :

من العوائق الخليجية للتوظيف الوافد ونسب الباحثين عن العمل بالخليج تتراوح بين ل وزير القوى العامل يزور المقر الرئيسي لمكاتب ودار شرك دالبيورتون العالمي القمح العمالي اقتراحات لتطوير الانتاج لجن الحواد الغذائي بالغرض تعتقد اجتماعاتها المل طيران الخليج تحقق في روميها جنوب الشرق قد يضطر واشنطن للاستعان بلحم إثر انبري كهربا وحماية هموم اقتصادي"
11,<PIL.Image.Image image mode=RGB size=689x160 at 0x7FDB28AFAC10>,ماتشالا يطالب الاتحاد بالمحافظ عل مستو المنتخب الول ربع لعبات تشارك بها السلطن في دور اللعاب القليمي الرابع بتونس منتخبنا للناشين يختتم مشاركته في بطول التعاون السادس للسباح طار السلام تفوز بدوري الشباب لليام الولمبي نتاج من دوري الناشين للقدم نادي مسقط يحضر القرع المرتقب لدوري بطال العرب الفريق الوطني لقفز الحر يتوجه للصين المبياد ثينا,"'       :

مَانشلاً يطالب الاتحاد بالمحافظ على مستوى المنتخب الأول ربع لعبات تشارك بها السُلطَة في دور اللّعب القَديم: الرَّابع تونس منتخبنا للناشئين يختتم مشاركته في بطولة التعاون السادس للسباحة طار السلام فقرر بدوري الشباب للإيام الولامي نتائج من دورى الناشئين للقدم نادي مستقط يحضر القرع المرتقب لدوري يطال العرب الفريق الوطني فترق الحر يتوجه للمصين الميدان ثينا",ماتشالا يطالب الاتحاد بالمحافظ عل مستو المنتخب الول ربع لعبات تشارك بها السلطن في دور اللعاب القليمي الرابع بتونس منتخبنا للناشين يختتم مشاركته في بطول التعاون السادس للسباح طار السلام تفوز بدوري الشباب لليام الولمبي نتاج من دوري الناشين للقدم نادي مسقط يحضر القرع المرتقب لدوري بطال العرب الفريق الوطني لقفز الحر يتوجه للصين المبياد ثينا,"'       :

مانشلا يطالب الاتحاد بالمحافظ على مستوى المنتخب الأول ربع لعبات تشارك بها السلطة في دور اللعب القديم: الرابع تونس منتخبنا للناشئين يختتم مشاركته في بطولة التعاون السادس للسباحة طار السلام فقرر بدوري الشباب للإيام الولامي نتائج من دورى الناشئين للقدم نادي مستقط يحضر القرع المرتقب لدوري يطال العرب الفريق الوطني فترق الحر يتوجه للمصين الميدان ثينا"
12,<PIL.Image.Image image mode=RGB size=689x162 at 0x7FDB201DBA90>,معرض مسقط الدولي التاسع للكتاب يفتح ابوابه والجماهير تتدفق ليه فنانا من دول يشاركون في ملتق عمار الدولي للفنون توقعات الوطن بسما الفازين بجواز الوسكار مسي شعري للشهاوي في الدوح فنان من صل جزاري يفوز بفضل تصميم لمتحف الحضارات الوروبي المدارس تشكل الحضور الابرز في الفتر الصباحي معرض مسقط الدولي التاسع للكتاب يفتح ابوابه والجماهير تتدفق ليه,"        :

معرض مستقط الدولي التابع للكتاب يفتح أبوابه والجماهير تتدفق إليه فنانا من دول يشاركون في ملتقى عمار الدولي للفنون توقعات الوطن بسما الفازين بجائز الوسكار مسي شعري للشفائي في الدوح قادن من صل جراي يفوق بفضل تصميم لمتحف الحضارات الروحية المدارس تشكل الخصوص الديرز في الفتر الصباحي

معرض مستقط الدولي التابع للكتاب يفتح أبوابه والجماهير تتدفق إليه",معرض مسقط الدولي التاسع للكتاب يفتح ابوابه والجماهير تتدفق ليه فنانا من دول يشاركون في ملتق عمار الدولي للفنون توقعات الوطن بسما الفازين بجواز الوسكار مسي شعري للشهاوي في الدوح فنان من صل جزاري يفوز بفضل تصميم لمتحف الحضارات الوروبي المدارس تشكل الحضور الابرز في الفتر الصباحي معرض مسقط الدولي التاسع للكتاب يفتح ابوابه والجماهير تتدفق ليه,"        :

معرض مستقط الدولي التابع للكتاب يفتح أبوابه والجماهير تتدفق إليه فنانا من دول يشاركون في ملتقى عمار الدولي للفنون توقعات الوطن بسما الفازين بجائز الوسكار مسي شعري للشفائي في الدوح قادن من صل جراي يفوق بفضل تصميم لمتحف الحضارات الروحية المدارس تشكل الخصوص الديرز في الفتر الصباحي

معرض مستقط الدولي التابع للكتاب يفتح أبوابه والجماهير تتدفق إليه"
13,<PIL.Image.Image image mode=RGB size=691x168 at 0x7FDB28AFBD10>,رمضان اول هبط عيد الفطر بوادي بني خالد الاردن والعراق يتفقان عل لي للتعاون ونشا نبوب للنفط الدولار يتراجع بعد الانتخابات الاميركي ويسجل ادن مستوياته منذ اكثر من ثماني شهر فوز بوش يبق الوضع عل ماهو عليه اقتصاديا ملتق دولي يسلط الضو عل المسال والقضايا التقني التي تواجه المسسات المالي قضي وري مركز ظفار للتسوق يعطيك مفهوما جديدا للتسوق بصلال,"        :

""مضاي اول هبط عبد النظير بولي يني خالد الاردن والعراق يتفقان على لي للتعاون ونشا نجوب للقط الدوار يراعع بعد الاتخابات الاميركي ويسجل ادن مستوياته منذ اكبر من ثماني شهير فوز يبقي الرضع على ماهو عليه اقتصاديا ملتق دولي يسلط الضوء على المصال والقضايا التقني التي تواجه المسمات المالي قصي وري مركز ظفار للتسوق يعطيك مفهوما جديدا للتسوق بصال""",رمضان اول هبط عيد الفطر بوادي بني خالد الاردن والعراق يتفقان عل لي للتعاون ونشا نبوب للنفط الدولار يتراجع بعد الانتخابات الاميركي ويسجل ادن مستوياته منذ اكثر من ثماني شهر فوز بوش يبق الوضع عل ماهو عليه اقتصاديا ملتق دولي يسلط الضو عل المسال والقضايا التقني التي تواجه المسسات المالي قضي وري مركز ظفار للتسوق يعطيك مفهوما جديدا للتسوق بصلال,"        :

""مضاي اول هبط عبد النظير بولي يني خالد الاردن والعراق يتفقان على لي للتعاون ونشا نجوب للقط الدوار يراعع بعد الاتخابات الاميركي ويسجل ادن مستوياته منذ اكبر من ثماني شهير فوز يبقي الرضع على ماهو عليه اقتصاديا ملتق دولي يسلط الضوء على المصال والقضايا التقني التي تواجه المسمات المالي قصي وري مركز ظفار للتسوق يعطيك مفهوما جديدا للتسوق بصال"""
14,<PIL.Image.Image image mode=RGB size=691x164 at 0x7FDB28B30F90>,كسر الايهام عند مدكور ثابت كمنهج لخراج قص صور لنجيب محفوظ باق من الفلام العربي والجنبي في سهرات شاشتنا الفضي باولو كويلو ورا كل تعقيد فراغ مرعب يظنه الاغبيا عبقري وزار الثقاف اليمني تعيد النظر في قانون حماي الملكي حبر عل ورق قص قصير وتصبحون عل وطن فيلم متفرد في تاريخ السينما المصري كسر الايهام عند مدكور ثابت كمنهج لخراج قص صور لنجيب محفوظ,"        :

كسر الأيام عند مذكر ثابت كمنتج لخروج قص صور لنجيب محفوظ باق من القلم العربي والجنيبي في سهرات شاشتنا القصص باولو كويلو ورا كل تقعيد فراغ مرعب يطله الاغيا عبقري وزار النتاف اليمني تعيد النظر في فاينن حماي الملكي جبر على ورق قصص وتصبجون على وطن فيلم متفرد في تاريخ السينما المصري كسر الأيام عند مذكر ثابت كمنتج لخروج قص صور لنجيب محفوظ",كسر الايهام عند مدكور ثابت كمنهج لخراج قص صور لنجيب محفوظ باق من الفلام العربي والجنبي في سهرات شاشتنا الفضي باولو كويلو ورا كل تعقيد فراغ مرعب يظنه الاغبيا عبقري وزار الثقاف اليمني تعيد النظر في قانون حماي الملكي حبر عل ورق قص قصير وتصبحون عل وطن فيلم متفرد في تاريخ السينما المصري كسر الايهام عند مدكور ثابت كمنهج لخراج قص صور لنجيب محفوظ,"        :

كسر الأيام عند مذكر ثابت كمنتج لخروج قص صور لنجيب محفوظ باق من القلم العربي والجنيبي في سهرات شاشتنا القصص باولو كويلو ورا كل تقعيد فراغ مرعب يطله الاغيا عبقري وزار النتاف اليمني تعيد النظر في فاينن حماي الملكي جبر على ورق قصص وتصبجون على وطن فيلم متفرد في تاريخ السينما المصري كسر الأيام عند مذكر ثابت كمنتج لخروج قص صور لنجيب محفوظ"
15,<PIL.Image.Image image mode=RGB size=689x160 at 0x7FDB201DAF10>,مسرح الحداث الدولي عل مسرح الجامع غدا ندو عن حوار الثقافات ومراكز الثقاف الجنبي بمصر الطبيع والرمز في عمال التشكيلي البلغاري مينا جورجييفا وقفات مام المشهد الرواي في سوريا مهرجان كان يعطي فرص مثالي للمخرج مور لانتقاد بوش مسرحي اميركي في مصر هموم صغير افتتاح مهرجان فاق الروح باليمن لسن وحكايات ضوا عل المسرح مسرح الحداث الدولي عل مسرح الجامع,"        :

مسرحي الحدث الدولي على مسرح الجامع عدا ندو عن حوار الثقافات ومراكز الثقاف الجدي بمصر الطبع والذين في عمل التشكيلي البلغاري مينا جورجييفا وثقافات دام المشهد الرواي في سوريا مهرجان كان يعطي فرص مثال للمخرج مر لاثتقاد بيش مسرحي اميري في مصر هموم صغير افتتاح مهرجان فاق الروح باليمن لسن وحكايات ضوا على مسرح الحدث الدولي على مسرح الجامع",مسرح الحداث الدولي عل مسرح الجامع غدا ندو عن حوار الثقافات ومراكز الثقاف الجنبي بمصر الطبيع والرمز في عمال التشكيلي البلغاري مينا جورجييفا وقفات مام المشهد الرواي في سوريا مهرجان كان يعطي فرص مثالي للمخرج مور لانتقاد بوش مسرحي اميركي في مصر هموم صغير افتتاح مهرجان فاق الروح باليمن لسن وحكايات ضوا عل المسرح مسرح الحداث الدولي عل مسرح الجامع,"        :

مسرحي الحدث الدولي على مسرح الجامع عدا ندو عن حوار الثقافات ومراكز الثقاف الجدي بمصر الطبع والذين في عمل التشكيلي البلغاري مينا جورجييفا وثقافات دام المشهد الرواي في سوريا مهرجان كان يعطي فرص مثال للمخرج مر لاثتقاد بيش مسرحي اميري في مصر هموم صغير افتتاح مهرجان فاق الروح باليمن لسن وحكايات ضوا على مسرح الحدث الدولي على مسرح الجامع"
16,<PIL.Image.Image image mode=RGB size=689x160 at 0x7FDB2014EA10>,منتخبنا يلاق قطر في فرص خير لتحسين مركزه قرا في دوري الضوا المرحل التاسع اليوم لجن منتخبات الهوكي تناقش مشارك منتخب الشباب في البطول السيوي بسنغافور اتحاد الكر ينظم المهرجان الثالث لصغار لاعبي كر القدم نادي صور يحمل التحكيم خسار فريقه امام العروب في دوري الجيش السلطاني العماني في بطول قطر المفتوح للتنس ريس الاتحاد السيوي لكر السل وقف رياضي,"'       :

متنخبنا يلاقى قطر في فرص خير لتحسين مركزه قررا في دوري الضوا المحرز التاسع اليوم لنج منتخبات الهوكي

تناقش مشارك منتخب الشباب في البطول السيوي يستفاقير اتحاد الكر ينظم المهرجان الثالث لصفار لاعبي

القدم نادي صور يحمل التحكم حسنا فريقه امام العرب في دوري الجيش السطاني العماني في بطول

قط المفتوح للتنس رئيس الاتحاد السيوي لكز السل وقف رياضي",منتخبنا يلاق قطر في فرص خير لتحسين مركزه قرا في دوري الضوا المرحل التاسع اليوم لجن منتخبات الهوكي تناقش مشارك منتخب الشباب في البطول السيوي بسنغافور اتحاد الكر ينظم المهرجان الثالث لصغار لاعبي كر القدم نادي صور يحمل التحكيم خسار فريقه امام العروب في دوري الجيش السلطاني العماني في بطول قطر المفتوح للتنس ريس الاتحاد السيوي لكر السل وقف رياضي,"'       :

متنخبنا يلاقى قطر في فرص خير لتحسين مركزه قررا في دوري الضوا المحرز التاسع اليوم لنج منتخبات الهوكي

تناقش مشارك منتخب الشباب في البطول السيوي يستفاقير اتحاد الكر ينظم المهرجان الثالث لصفار لاعبي

القدم نادي صور يحمل التحكم حسنا فريقه امام العرب في دوري الجيش السطاني العماني في بطول

قط المفتوح للتنس رئيس الاتحاد السيوي لكز السل وقف رياضي"
17,<PIL.Image.Image image mode=RGB size=691x164 at 0x7FDB201DBC10>,تواصل فعاليات الملتق الدبي العاشر بصحار النحات العراقي علي العطي ميل للفاد من هال الضو ولد عمل يجسد صرخ ضد الاحتلال الرواي في السينما العربي الدبا الشباب يواجهون سابقيهم نتم عقب في طريق بداعنا السلاح الذي قتل موسوليني يظهر مجددا في لبانيا بين التحلل والتحليل لكي لا نصدم في فرانكفورت القرا لكل العرب قص قصير تواصل فعاليات الملتق الدبي العاشر بصحار,"'       :

```
تواصل فعاليات الملتقى الذي العاشر بصحراء النجاحات العراقية على العطاء ميل للفاء من هال الضوء ولد عمل
يجسد صرح ضد الاحتلال الرواي في السيما العربي الذي الشباب يواجهون سابقهم تم عقب في طريق
بداعنا السلاح الذي قتل موسوليني يظهر مجددا في لبايا بين التحلل والتحليل لكي لا نصدم في فرانكفورت
القرآن لكل العرب قصص قصير تواصل فعاليات الملتقى الذي العاشر بصحراء
```",تواصل فعاليات الملتق الدبي العاشر بصحار النحات العراقي علي العطي ميل للفاد من هال الضو ولد عمل يجسد صرخ ضد الاحتلال الرواي في السينما العربي الدبا الشباب يواجهون سابقيهم نتم عقب في طريق بداعنا السلاح الذي قتل موسوليني يظهر مجددا في لبانيا بين التحلل والتحليل لكي لا نصدم في فرانكفورت القرا لكل العرب قص قصير تواصل فعاليات الملتق الدبي العاشر بصحار,"'       :

```
تواصل فعاليات الملتقى الذي العاشر بصحراء النجاحات العراقية على العطاء ميل للفاء من هال الضوء ولد عمل
يجسد صرح ضد الاحتلال الرواي في السيما العربي الذي الشباب يواجهون سابقهم تم عقب في طريق
بداعنا السلاح الذي قتل موسوليني يظهر مجددا في لبايا بين التحلل والتحليل لكي لا نصدم في فرانكفورت
القرآن لكل العرب قصص قصير تواصل فعاليات الملتقى الذي العاشر بصحراء
```"
18,<PIL.Image.Image image mode=RGB size=689x162 at 0x7FDB2014E6D0>,فندق قصر البستان يستضيف حفل الوركسترا السيمفوني السلطاني العماني الشاعر محمد علي شمس الدين اليوم انطلاق يام مجان السينماي اليوم انطلاق فعاليات مهرجان القرين الثقافي بالكويت غياب الفنانين العراقيين عن مهرجان هلا فبراير عرسان مينا عاما للاتحاد العام للدبا والكتاب العرب مطلوب حيا و ميتا فندق قصر البستان يستضيف حفل الوركسترا السيمفوني السلطاني العماني,فقد قصر البستان يستضيف حفل المركزسترا السيمفوني السلطاني العماني الشاعر محمد علي شمس الدين اليوم انطلاقاً بام مجان السيمثي اليوم انطلاق فعاليات مهرجان القرين الثقافي بالكويت عياب الفنانين العراقيين عن مهرجان فلا تجراير عرسان مينا عاما للاتحاد العام للدبا والكتاب العرب مطلوب حيا و ميتا فقد قصر البستان يستضيف حفل المركزسترا السيمفوني السلطاني العماني,فندق قصر البستان يستضيف حفل الوركسترا السيمفوني السلطاني العماني الشاعر محمد علي شمس الدين اليوم انطلاق يام مجان السينماي اليوم انطلاق فعاليات مهرجان القرين الثقافي بالكويت غياب الفنانين العراقيين عن مهرجان هلا فبراير عرسان مينا عاما للاتحاد العام للدبا والكتاب العرب مطلوب حيا و ميتا فندق قصر البستان يستضيف حفل الوركسترا السيمفوني السلطاني العماني,فقد قصر البستان يستضيف حفل المركزسترا السيمفوني السلطاني العماني الشاعر محمد علي شمس الدين اليوم انطلاقا بام مجان السيمثي اليوم انطلاق فعاليات مهرجان القرين الثقافي بالكويت عياب الفنانين العراقيين عن مهرجان فلا تجراير عرسان مينا عاما للاتحاد العام للدبا والكتاب العرب مطلوب حيا و ميتا فقد قصر البستان يستضيف حفل المركزسترا السيمفوني السلطاني العماني
19,<PIL.Image.Image image mode=RGB size=689x160 at 0x7FDB2014E950>,قرا ف السبوع الثان لدور الضوا لكر القدم اتحاد لعاب القو يكرم منتخباته الوطني غدا فعاليات وانشط متنوع في الملتق التجوالي لعشير جوال نادي نزو اليوم نطلاق بطول الناشين للشطر نج بمحافظ ظفار اختتام الفعاليات الشبابي الصيفي بعبر ف تصفيات مونديال ف اولمبياد اثينا برعاي الوطن انطلاق سباق السرطان الثلاثا القادم سعود الرواحي يطالب بالمشارك الفعال من الجماهير,"        :

""قرر السبعين الثاني لدور الضوا لكر القدم اتحاد لاعاب القو بكم منتخباته الوطني غدا فعاليات ونشاط مت    72              ,     .          .                   .      ,  ,   .                      .                   .                   .                   .                   .                   .                   .                   .                   .                   .                   .                   .                   .                   .                   .                   .                   .                   .                   .                   .                   .                   .                   .                   .                   .                   .                   .                   .                   .                   .                   .                   .                   .                   .                   .                   .                   .                   .                   .                   .                   .                   .                   .                   .                   .   ",قرا ف السبوع الثان لدور الضوا لكر القدم اتحاد لعاب القو يكرم منتخباته الوطني غدا فعاليات وانشط متنوع في الملتق التجوالي لعشير جوال نادي نزو اليوم نطلاق بطول الناشين للشطر نج بمحافظ ظفار اختتام الفعاليات الشبابي الصيفي بعبر ف تصفيات مونديال ف اولمبياد اثينا برعاي الوطن انطلاق سباق السرطان الثلاثا القادم سعود الرواحي يطالب بالمشارك الفعال من الجماهير,"        :

""قرر السبعين الثاني لدور الضوا لكر القدم اتحاد لاعاب القو بكم منتخباته الوطني غدا فعاليات ونشاط مت    72              ,     .          .                   .      ,  ,   .                      .                   .                   .                   .                   .                   .                   .                   .                   .                   .                   .                   .                   .                   .                   .                   .                   .                   .                   .                   .                   .                   .                   .                   .                   .                   .                   .                   .                   .                   .                   .                   .                   .                   .                   .                   .                   .                   .                   .                   .                   .                   .                   .                   .                   .   "
20,<PIL.Image.Image image mode=RGB size=689x160 at 0x7FDB28AFB6D0>,ختام ناجح لمسير المشي ضد امراض السرطان قاد الجيش السلطاني العماني يلتقي بفريق العدو الريفي اعتماد تشكيل مجلس الادار المقت لنادي صحم اتحاد الهوكي يخاطب الندي بشن المشارك في دورتي المدربين والحكام الدولي الشيخ زايد يقدم ملايين درهم للبطل الاولمبي احمد بن حشر اليوم نادي السيب يلاقي العين وديا ف تصفيات اوروبا لمونديال مواجهات متباين لفرنسا وهولندا وانكلترا,"        :

خاتم ناجح لمسير المشي ضد امراض السرطان قاد الجيش السلطاني العماني يلتقي بفريق العدو الريفي

اعتماد تشكيل مجلس الادار المقت لنادي صحم اتحاد العويكي يخاطب النادي بشن المشارك في دورتي

المدربين والحكم الدولي الشيخ زايد يقدم ملايين درهم للبطل الأولمبي احمد بن حشر اليوم نادي السييب

يلقى العين وديا ف تصفيات اوروبا لمونديال مواجهات مباشر لفرنسا وهولندا والكئترا",ختام ناجح لمسير المشي ضد امراض السرطان قاد الجيش السلطاني العماني يلتقي بفريق العدو الريفي اعتماد تشكيل مجلس الادار المقت لنادي صحم اتحاد الهوكي يخاطب الندي بشن المشارك في دورتي المدربين والحكام الدولي الشيخ زايد يقدم ملايين درهم للبطل الاولمبي احمد بن حشر اليوم نادي السيب يلاقي العين وديا ف تصفيات اوروبا لمونديال مواجهات متباين لفرنسا وهولندا وانكلترا,"        :

خاتم ناجح لمسير المشي ضد امراض السرطان قاد الجيش السلطاني العماني يلتقي بفريق العدو الريفي

اعتماد تشكيل مجلس الادار المقت لنادي صحم اتحاد العويكي يخاطب النادي بشن المشارك في دورتي

المدربين والحكم الدولي الشيخ زايد يقدم ملايين درهم للبطل الأولمبي احمد بن حشر اليوم نادي السييب

يلقى العين وديا ف تصفيات اوروبا لمونديال مواجهات مباشر لفرنسا وهولندا والكئترا"
21,<PIL.Image.Image image mode=RGB size=689x160 at 0x7FDB201DA850>,كثر من ملايين طن المخزون السمكي للسلطن سوق مسقط تستهل تعاملات الاسبوع بارتفاع طفيف القاهر تستضيف متمرا اقتصاديا لبحث قضي الاستثمار الاجنبي في مصر والمنطق العربي متمر ومعرض توليد الطاق وعاد اعمار العراق يقام في البحرين الحرب ضد الرهاب ترهق الميزاني الميركي بعنوان دور البورصات الخليجي في دعم وتفعيل امكانيات التنمي الاقتصادي في دول الخليج وبرعاي مقبول سلطان,"        :

كثر من ملايين طن المخزون السمكي للسلطان سوق مستقط تستهل تعااملات الأسبوع بإرتفاع طيفي القادم

تستضيف متى اقتصاديا لبحث قضي الاستثمار الاجنبي في مصر والمنطق العربي متمر ومعرض توليد

الطاق بعاد اعمار العراق يقام في البحرين الحرب ضد الرداب ترفق الميزاني الميري بضوان دور البورصات

الخليج في دعم وتعصيل امكانيات التنمي الاقتصادي في دمل الخليج وبرعاي مقبول سلطان",كثر من ملايين طن المخزون السمكي للسلطن سوق مسقط تستهل تعاملات الاسبوع بارتفاع طفيف القاهر تستضيف متمرا اقتصاديا لبحث قضي الاستثمار الاجنبي في مصر والمنطق العربي متمر ومعرض توليد الطاق وعاد اعمار العراق يقام في البحرين الحرب ضد الرهاب ترهق الميزاني الميركي بعنوان دور البورصات الخليجي في دعم وتفعيل امكانيات التنمي الاقتصادي في دول الخليج وبرعاي مقبول سلطان,"        :

كثر من ملايين طن المخزون السمكي للسلطان سوق مستقط تستهل تعااملات الأسبوع بإرتفاع طيفي القادم

تستضيف متى اقتصاديا لبحث قضي الاستثمار الاجنبي في مصر والمنطق العربي متمر ومعرض توليد

الطاق بعاد اعمار العراق يقام في البحرين الحرب ضد الرداب ترفق الميزاني الميري بضوان دور البورصات

الخليج في دعم وتعصيل امكانيات التنمي الاقتصادي في دمل الخليج وبرعاي مقبول سلطان"
22,<PIL.Image.Image image mode=RGB size=691x170 at 0x7FDB201DB010>,وراق عمل سعودي وكويتي وماراتي بعد عام من الحرب الاقتصاد العراقي ل ين تبخر المال في الشراك الروسي الميركي في مجال النفط متع التجول عبر التاريخ في سواق دمشق التقليدي سعار النفط الميركي ترتفع ل عل معدل لها منذ عاما قضي وري ناب ريس بيت الاستثمار العالمي جلوبل في حديث لالوطن الاقتصادي السلطن تمتاز بقوانين وتشريعات ورقاب عل سوق المال سبقت بها الكثير من دول المنطق,"        :

وراق عمل سعودي وموثقي ومماثر بعد عام من الحرب الاقتصادي ل ين تجذر المال في الشرك الروسي الميركي في مجال النفط مع تعجل عبر التاريخ في سواق دمشق التقديدي سعار النفط الميركي ترتفع على معدل لها منذ عاما قضي وري ناب ريس بيت الاستثمار العالمي جلوبيل في حديث للوطن الاقتصادي السطان تمتاز بقوانين وتشريعات ورقاب على سوق المال سبقت بها الكثير من دول المنطقة",وراق عمل سعودي وكويتي وماراتي بعد عام من الحرب الاقتصاد العراقي ل ين تبخر المال في الشراك الروسي الميركي في مجال النفط متع التجول عبر التاريخ في سواق دمشق التقليدي سعار النفط الميركي ترتفع ل عل معدل لها منذ عاما قضي وري ناب ريس بيت الاستثمار العالمي جلوبل في حديث لالوطن الاقتصادي السلطن تمتاز بقوانين وتشريعات ورقاب عل سوق المال سبقت بها الكثير من دول المنطق,"        :

وراق عمل سعودي وموثقي ومماثر بعد عام من الحرب الاقتصادي ل ين تجذر المال في الشرك الروسي الميركي في مجال النفط مع تعجل عبر التاريخ في سواق دمشق التقديدي سعار النفط الميركي ترتفع على معدل لها منذ عاما قضي وري ناب ريس بيت الاستثمار العالمي جلوبيل في حديث للوطن الاقتصادي السطان تمتاز بقوانين وتشريعات ورقاب على سوق المال سبقت بها الكثير من دول المنطقة"
23,<PIL.Image.Image image mode=RGB size=689x162 at 0x7FDB201E7B50>,اليوم ختام منافسات البطول الرابع لخماسيات كر القدم منتخب اليد يختتم غدا معسكره الداخلي المغلق اتحاد الطار يشكل الوفود الرسمي للمشاركات القادم اتحاد الكر الطار يكرم ريسه السابق قحطان بن يعرب يرع نهاي بطول بنا الجسام الول المنافس تتواصل في دور الكامل والوافي لكر القدم والكر الطار من دوري اليام الولمبي للهوكي فاطم النبهاي تتلق في بطول تونس للتنس كس المم السيوي,"        :

اليوم ختام منافسات البطول الرابع لخدماتي كر القدم منتخب اليد يختتم هذا معسكره الداخلي المغلق

اتحاد الطار يشكل الوحدة الرسمي للمشاركات القادم اتحاد الكر الطار يكمل رسمه السابق تحطان بن يعرب يرع

نهائي بطول نا الجسم الأول المنافس تتواصل في دور الكامل والرافي كر القدم والكر الطار من دوري اليام

الولمبي للهوكي فاطم النهاي تتنق في بطول تونس للتنس كس المم السيوي",اليوم ختام منافسات البطول الرابع لخماسيات كر القدم منتخب اليد يختتم غدا معسكره الداخلي المغلق اتحاد الطار يشكل الوفود الرسمي للمشاركات القادم اتحاد الكر الطار يكرم ريسه السابق قحطان بن يعرب يرع نهاي بطول بنا الجسام الول المنافس تتواصل في دور الكامل والوافي لكر القدم والكر الطار من دوري اليام الولمبي للهوكي فاطم النبهاي تتلق في بطول تونس للتنس كس المم السيوي,"        :

اليوم ختام منافسات البطول الرابع لخدماتي كر القدم منتخب اليد يختتم هذا معسكره الداخلي المغلق

اتحاد الطار يشكل الوحدة الرسمي للمشاركات القادم اتحاد الكر الطار يكمل رسمه السابق تحطان بن يعرب يرع

نهائي بطول نا الجسم الأول المنافس تتواصل في دور الكامل والرافي كر القدم والكر الطار من دوري اليام

الولمبي للهوكي فاطم النهاي تتنق في بطول تونس للتنس كس المم السيوي"
24,<PIL.Image.Image image mode=RGB size=689x160 at 0x7FDB28B45A50>,بد عمال حلق البرنامج التليفزيوني الجديد وعليكم السلام قضايا المر الاجتماعي في المسرح العماني اختيار موضي الحمود مدير للجامع العربي المفتوح القلاع السوري فسيفسا الابداع ودلالات التاريخ والحضار حمد قعبور يغني في بيروت للنسان والضف وعود اللاجين هذه الدول ولدت بجينات فناها فيما يسجل عبدالله الشنفري حضور السلطن بد عمال حلق البرنامج التليفزيوني الجديد وعليكم السلام,"        :

بِعدَالَّةِ البرنامج التلفزيوني الجديد وعليكم السلام قضايا المر الاجتماعي في المسرح العماني اختيار موضي الحمود مدير للجامع العربي المفتوح القلعة السورى فسينفسا الابداع ودلالات التاريخ والحضار حمد قعمر يغني في بيروت للنسان والصف وعود اللاجئين هذه الدجل ولدت جينات فنادها فيما يسجل عبد الله الشنقيطي حضور السلطان بدعالالتلفزيوني الجديد وعليكم السلام",بد عمال حلق البرنامج التليفزيوني الجديد وعليكم السلام قضايا المر الاجتماعي في المسرح العماني اختيار موضي الحمود مدير للجامع العربي المفتوح القلاع السوري فسيفسا الابداع ودلالات التاريخ والحضار حمد قعبور يغني في بيروت للنسان والضف وعود اللاجين هذه الدول ولدت بجينات فناها فيما يسجل عبدالله الشنفري حضور السلطن بد عمال حلق البرنامج التليفزيوني الجديد وعليكم السلام,"        :

بعدالة البرنامج التلفزيوني الجديد وعليكم السلام قضايا المر الاجتماعي في المسرح العماني اختيار موضي الحمود مدير للجامع العربي المفتوح القلعة السورى فسينفسا الابداع ودلالات التاريخ والحضار حمد قعمر يغني في بيروت للنسان والصف وعود اللاجئين هذه الدجل ولدت جينات فنادها فيما يسجل عبد الله الشنقيطي حضور السلطان بدعالالتلفزيوني الجديد وعليكم السلام"
25,<PIL.Image.Image image mode=RGB size=689x162 at 0x7FDB201E5E10>,منتخبنا لشباب الطار يلاقي قطر في ثاني يام بطول التعاون بالكويت ندو الهوكي تناقش اليوم التعديلات الجديد ا ليوم ختام تنس الايام الاولمبي بصحار اليوماجتماع مسابقات كر القدم الفريق الوطني للقفز الحر يختتم مشاركته في بطول العالم العسكري فوز الخابور والعروب عل فريق عمان وبهلا وتعادل السيب مع السويق في دوري شباب الكر الطار فوز السلام وخصب عل السيب وعبري المبياد ثينا,"        :

""منتخبنا لشباب الطار يلاقي قطري في ثاني أيام بطولة التعاون بالكويت نحو الهجوم تلاقى اليوم التحديات الجديد اليوم ختام نس الأندام الأولمبي بصحراء اليمامجتمع مسابقات كر القدم الفريق الوطني للقفز الحر يختتم مشاركته في بطول العالم العسكري فوز الخابور والعروب على فريق عمان وبعيدا وتعادل السيب مع السويق في دوري شباب الكر الطار فوز السلام وخصب على السيب وعبري المياد ثينا""",منتخبنا لشباب الطار يلاقي قطر في ثاني يام بطول التعاون بالكويت ندو الهوكي تناقش اليوم التعديلات الجديد ا ليوم ختام تنس الايام الاولمبي بصحار اليوماجتماع مسابقات كر القدم الفريق الوطني للقفز الحر يختتم مشاركته في بطول العالم العسكري فوز الخابور والعروب عل فريق عمان وبهلا وتعادل السيب مع السويق في دوري شباب الكر الطار فوز السلام وخصب عل السيب وعبري المبياد ثينا,"        :

""منتخبنا لشباب الطار يلاقي قطري في ثاني أيام بطولة التعاون بالكويت نحو الهجوم تلاقى اليوم التحديات الجديد اليوم ختام نس الأندام الأولمبي بصحراء اليمامجتمع مسابقات كر القدم الفريق الوطني للقفز الحر يختتم مشاركته في بطول العالم العسكري فوز الخابور والعروب على فريق عمان وبعيدا وتعادل السيب مع السويق في دوري شباب الكر الطار فوز السلام وخصب على السيب وعبري المياد ثينا"""
26,<PIL.Image.Image image mode=RGB size=691x170 at 0x7FDB201E5210>,القاعد تتوعد الولايات المتحد بتحويلها ل جحيم لا يطاق جهاز رادار سنغافوري يكشف ما روا الجدران كمبوديا تتطلع ل التعاون مع بوش ضد الارهاب الفلبين اتهام المتمردين الشيوعيين بمهاجم شركات نفط جاكرتا الادعا يطالب بسجن تاج الدين سبع سنوات مصرع وصاب شخاص في انفجارات في باكستان بعد عاد انتخاب الريس جورج بوش لولاي ثاني القاعد تتوعد الولايات المتحد بتحويلها ل جحيم لا يطاق,"القاعد تتوعد الولايات المتحدة بتحويلها ل جيمي لا يطلق جهاز رادار ستيفاغوري يكشف ما روا الجدران كمبدؤيا

تطلع ل التعاون مع بوش ضد الإرهاب الفليبين انهم المتمردين الشيوعيين بمهاجم شركات تقط جاكرتا الادعا

يطالب بسحن ناج الدين سبع سنوات مصرف وصاب شخص في انفجارات في باكستان بعد اعداد انتخاب

الرئيس جورج بوش لولاي ثاني القاعد تتوعد الولايات المتحدة بتحويلها ل جيمي لا يطلق",القاعد تتوعد الولايات المتحد بتحويلها ل جحيم لا يطاق جهاز رادار سنغافوري يكشف ما روا الجدران كمبوديا تتطلع ل التعاون مع بوش ضد الارهاب الفلبين اتهام المتمردين الشيوعيين بمهاجم شركات نفط جاكرتا الادعا يطالب بسجن تاج الدين سبع سنوات مصرع وصاب شخاص في انفجارات في باكستان بعد عاد انتخاب الريس جورج بوش لولاي ثاني القاعد تتوعد الولايات المتحد بتحويلها ل جحيم لا يطاق,"القاعد تتوعد الولايات المتحدة بتحويلها ل جيمي لا يطلق جهاز رادار ستيفاغوري يكشف ما روا الجدران كمبدؤيا

تطلع ل التعاون مع بوش ضد الإرهاب الفليبين انهم المتمردين الشيوعيين بمهاجم شركات تقط جاكرتا الادعا

يطالب بسحن ناج الدين سبع سنوات مصرف وصاب شخص في انفجارات في باكستان بعد اعداد انتخاب

الرئيس جورج بوش لولاي ثاني القاعد تتوعد الولايات المتحدة بتحويلها ل جيمي لا يطلق"
27,<PIL.Image.Image image mode=RGB size=689x162 at 0x7FDBE7085750>,برلمان البحرين يرفض محاسب دا الحكوم والوزرا قبل دراس المر الخليجي ساهمت مساهم فعال في ميدان العمل لجن تقييم شهري الزراع بمنطق الباطن تلتقي بصحاب السعاد الولا في اجتماعهم بالكويت وزرا النقل بمجلس التعاون ناقشوا انشا سك حديدي بين دول المجلس الصين وميركا يقودان نمو الطلب عل الغاز الطبيعي المسال ناب ريس جهاز الرقاب المالي للدول يرع اختتام برنامج شهاد المدقق الداخلي,"'       :

بمددان البحرين يرفض محاسب دا الحكوم والوزرا قبل دراس المر الخليجي سافدمت مسالم فعال في ميدان العمل لجن تقييم شهري الزراع بمنطق الباطن تلقيي بصحاب السعاد الوا في اجتماعهم بالكويت وزرا النقل بمجلس التعاون ناقشوا انشا سك حديدي بين دول المجلس الصين وميركا يقيدان نحو الطلب على الغاز الطبيعي المسال ناب جهاز الرقاب المالي للدول يع اختتم برنامج شهاد المدقق الداخلي",برلمان البحرين يرفض محاسب دا الحكوم والوزرا قبل دراس المر الخليجي ساهمت مساهم فعال في ميدان العمل لجن تقييم شهري الزراع بمنطق الباطن تلتقي بصحاب السعاد الولا في اجتماعهم بالكويت وزرا النقل بمجلس التعاون ناقشوا انشا سك حديدي بين دول المجلس الصين وميركا يقودان نمو الطلب عل الغاز الطبيعي المسال ناب ريس جهاز الرقاب المالي للدول يرع اختتام برنامج شهاد المدقق الداخلي,"'       :

بمددان البحرين يرفض محاسب دا الحكوم والوزرا قبل دراس المر الخليجي سافدمت مسالم فعال في ميدان العمل لجن تقييم شهري الزراع بمنطق الباطن تلقيي بصحاب السعاد الوا في اجتماعهم بالكويت وزرا النقل بمجلس التعاون ناقشوا انشا سك حديدي بين دول المجلس الصين وميركا يقيدان نحو الطلب على الغاز الطبيعي المسال ناب جهاز الرقاب المالي للدول يع اختتم برنامج شهاد المدقق الداخلي"
28,<PIL.Image.Image image mode=RGB size=691x164 at 0x7FDB201E4B50>,معرض القاهر الدول للكتاب يركز عل الثقاف العربي هذا العام دار الاوبرا المصري تبد مشروع حفظ وتوثيق تراث الموسيق العربي الشعر عند معين بسيسو هو الطبيع البكر في ذكراه الموي هل صنعت عبقري سلفادور دالي المجنون فنا عظيما مصر تبد مشروع عاجل لنقاذ مقبر السيرابيوم بسقار المرشد ف تعليم الصغار في ترجم عربي استراح قلب معرض القاهر الدول للكتاب يركز عل الثقاف العربي هذا العام,"        :

معرض القاهره للكتاب يركز على الثقافه العربيه هذا العام دار الأورا المصريه تبدأ مشروع حفظ وتوثيق تراث الموسيقى العربيه عند معين بسيسو هو الطبع البكر في ذكراه المحيي هل صنعت عبقري سلفادور دالي المجنون فنا عطينا مصر تبدأ مشروع عاجل لتقديم مقرير السياويوم بستقار المرشد فتعليم الصغار في ترم عربي استراح قلب معرض القاهره للكتاب يركز على الثقافه العربيه هذا العام",معرض القاهر الدول للكتاب يركز عل الثقاف العربي هذا العام دار الاوبرا المصري تبد مشروع حفظ وتوثيق تراث الموسيق العربي الشعر عند معين بسيسو هو الطبيع البكر في ذكراه الموي هل صنعت عبقري سلفادور دالي المجنون فنا عظيما مصر تبد مشروع عاجل لنقاذ مقبر السيرابيوم بسقار المرشد ف تعليم الصغار في ترجم عربي استراح قلب معرض القاهر الدول للكتاب يركز عل الثقاف العربي هذا العام,"        :

معرض القاهره للكتاب يركز على الثقافه العربيه هذا العام دار الأورا المصريه تبدأ مشروع حفظ وتوثيق تراث الموسيقى العربيه عند معين بسيسو هو الطبع البكر في ذكراه المحيي هل صنعت عبقري سلفادور دالي المجنون فنا عطينا مصر تبدأ مشروع عاجل لتقديم مقرير السياويوم بستقار المرشد فتعليم الصغار في ترم عربي استراح قلب معرض القاهره للكتاب يركز على الثقافه العربيه هذا العام"
29,<PIL.Image.Image image mode=RGB size=691x168 at 0x7FDB20154210>,بمشارك السلطن انطلاق فعاليات المعرض الدولي للكتاب و النشر في المغرب افتتاح معرض الدار الثاني للفن المعاصر بالنادي الثقافي مسا اليوم افتتاح معرض تجرب لوني بجامع السلطان قابوس فلسطينيون متعطشون للقرا يعانون من ندر الكتب الفلسطينيون والاسرايليون في دار الضو بمهرجان برلين السينماي حبر عل ورق مقاربات بمشارك السلطن انطلاق فعاليات المعرض الدولي للكتاب و النشر في المغرب,"'       :

بمشاركة السلطان إطلاق فعاليات المعرض الدولي للكتاب والنشر في المغرب افتتاح الدار الثاني للفن المعاصر بالدار الثقافية مسا اليوم افتتاح معرض تجرب لنزي بجامع السلطان قابوس فلسطينيين متعطشون للقراءات من ندر الكتاب الفلسطيني والاسرائيليين في دار النصو بهرجان بيرلين السينمائي جر على ورق مقابر بمشاركة السلطان إطلاق فعاليات المعرض الدولي للكتاب والنشر في المغرب",بمشارك السلطن انطلاق فعاليات المعرض الدولي للكتاب و النشر في المغرب افتتاح معرض الدار الثاني للفن المعاصر بالنادي الثقافي مسا اليوم افتتاح معرض تجرب لوني بجامع السلطان قابوس فلسطينيون متعطشون للقرا يعانون من ندر الكتب الفلسطينيون والاسرايليون في دار الضو بمهرجان برلين السينماي حبر عل ورق مقاربات بمشارك السلطن انطلاق فعاليات المعرض الدولي للكتاب و النشر في المغرب,"'       :

بمشاركة السلطان إطلاق فعاليات المعرض الدولي للكتاب والنشر في المغرب افتتاح الدار الثاني للفن المعاصر بالدار الثقافية مسا اليوم افتتاح معرض تجرب لنزي بجامع السلطان قابوس فلسطينيين متعطشون للقراءات من ندر الكتاب الفلسطيني والاسرائيليين في دار النصو بهرجان بيرلين السينمائي جر على ورق مقابر بمشاركة السلطان إطلاق فعاليات المعرض الدولي للكتاب والنشر في المغرب"
30,<PIL.Image.Image image mode=RGB size=691x168 at 0x7FDB201D9DD0>,لرسال قوات ل العراق اليمن يشترط الراي الممي والسياد الكامل المم المتحد نقل السلط لا يثر عل التزام العراق تسديد ديون حرب الخليج العراق لا تزال تلعب دورا هاما ف الانتخابات الميركي مير قطر يبحث مع سوريا ارسال قوات ل العراق الوفاق تترس مناقشات المعارض البحريني مع الحكوم تونس رفض الفراج عن مسول وزعيم حزبي سابق لرسال قوات ل العراق اليمن يشترط الراي الممي والسياد الكامل,"        :

لرسال قوات ل العراق اليمن يشترط الرأي الممبي والسياد الكامل المم المتحدة نقل السقط لا يثر على الترام

العراق تسديد ديوان حرب الخليج العراق لا تزال تلابب دورا هاما في انتخابات الميركي مير قطر يبحث مع

سوريا ارسال قوات ل العراق الوقاف تدرس مناقشات المعارضين البحريني مع الحكم نفس رفض الفراج عن

مسؤول وزرعي حزني سابق لرسال قوات ل العراق اليمن يشترط الرأي الممبي والسياد الكامل",لرسال قوات ل العراق اليمن يشترط الراي الممي والسياد الكامل المم المتحد نقل السلط لا يثر عل التزام العراق تسديد ديون حرب الخليج العراق لا تزال تلعب دورا هاما ف الانتخابات الميركي مير قطر يبحث مع سوريا ارسال قوات ل العراق الوفاق تترس مناقشات المعارض البحريني مع الحكوم تونس رفض الفراج عن مسول وزعيم حزبي سابق لرسال قوات ل العراق اليمن يشترط الراي الممي والسياد الكامل,"        :

لرسال قوات ل العراق اليمن يشترط الرأي الممبي والسياد الكامل المم المتحدة نقل السقط لا يثر على الترام

العراق تسديد ديوان حرب الخليج العراق لا تزال تلابب دورا هاما في انتخابات الميركي مير قطر يبحث مع

سوريا ارسال قوات ل العراق الوقاف تدرس مناقشات المعارضين البحريني مع الحكم نفس رفض الفراج عن

مسؤول وزرعي حزني سابق لرسال قوات ل العراق اليمن يشترط الرأي الممبي والسياد الكامل"
31,<PIL.Image.Image image mode=RGB size=689x160 at 0x7FDB201DA050>,فرق صلال الهلي للفنون المسرحي تعرض حمران العيون لول مر في السلطن رياض نعسان غا يحاضر حول الثنايات التلفيقي في الفكر العربي مركز الدراسات العماني بجامع السلطان قابوس يصدر كتاب عمان في عهد بني نبهان الحد القادم انطلاق فعاليات ملتق القص الثاني رحاب الشمس لا تغيب اضاات حول العروض الست بكلي التربي بنزو برعاي الوطن تواصل فعاليات الملتق الثقافي الخامس لكلي الشريع والقانون,"        :

""فقر صلاة الهدي للقرون المسيحية تعرض حماس الصيون لعل مر في السلطان رياض نعسان غا يحضر حول الشتاتين التلفيق في الفكر العربي مركز الدراسات العمانية جامع السلطان قابوس يصدر كتاب عمان في عهد بني تبعان الحد القادم اطلاق فعاليات الملتقى القص الثاني رحاب الشمس لا تقيب اضادات حول العروض الست بكل التربى ينزو برعاي الوطن تواصل فعاليات الملتقى الثقافي الخامس لكل الشريع والقانون""",فرق صلال الهلي للفنون المسرحي تعرض حمران العيون لول مر في السلطن رياض نعسان غا يحاضر حول الثنايات التلفيقي في الفكر العربي مركز الدراسات العماني بجامع السلطان قابوس يصدر كتاب عمان في عهد بني نبهان الحد القادم انطلاق فعاليات ملتق القص الثاني رحاب الشمس لا تغيب اضاات حول العروض الست بكلي التربي بنزو برعاي الوطن تواصل فعاليات الملتق الثقافي الخامس لكلي الشريع والقانون,"        :

""فقر صلاة الهدي للقرون المسيحية تعرض حماس الصيون لعل مر في السلطان رياض نعسان غا يحضر حول الشتاتين التلفيق في الفكر العربي مركز الدراسات العمانية جامع السلطان قابوس يصدر كتاب عمان في عهد بني تبعان الحد القادم اطلاق فعاليات الملتقى القص الثاني رحاب الشمس لا تقيب اضادات حول العروض الست بكل التربى ينزو برعاي الوطن تواصل فعاليات الملتقى الثقافي الخامس لكل الشريع والقانون"""
32,<PIL.Image.Image image mode=RGB size=689x160 at 0x7FDC4C19F990>,وزير الزراع والثرو السمكي يرع افتتاح الملتق العربي الثالث للصناعات الصغير والمتوسط والي نزو يلتق بعضا لجن فرع غرف تجار وصناع عمان بالداخلي ارتفاع سعار السمنت بالسلطن بنسب تقارب بالما سوق مسقط في طريقه لكسر حاجز نقط تقرير الوطن الاقتصادي الهند تستضيف اجتماعا طارا لدول سارك لبحث انفلونزا الطيور الهستدروت يعلن الحرب عل خط نيتنياهو لتحرير الاقتصاد الاسرايل فاق استثماري,"        :

```
وزير الزراعة والثروة السمكية يرع افتتاح الملفق العربي الثالث للصناعات الصغير والمتوسط والي نزو يلتقي بعضاً

لحن فرع غرف تجار وصناع عمان بالداخلى ارتفاع سعار السمنت بالسلطان بنسب تقابرب بالمما سوق مستقط

في طريقه لكمس حاجز نقط تقرير الوطن الاقتصادي الهند تستضيف اجتماعا طاررا لدول سارك لبحث انفليزا

الطير الهستندروت يعلن الحرب على خط ينتيباهو لتحرير الاقتصاد الاسرائيل فاق استماري
```",وزير الزراع والثرو السمكي يرع افتتاح الملتق العربي الثالث للصناعات الصغير والمتوسط والي نزو يلتق بعضا لجن فرع غرف تجار وصناع عمان بالداخلي ارتفاع سعار السمنت بالسلطن بنسب تقارب بالما سوق مسقط في طريقه لكسر حاجز نقط تقرير الوطن الاقتصادي الهند تستضيف اجتماعا طارا لدول سارك لبحث انفلونزا الطيور الهستدروت يعلن الحرب عل خط نيتنياهو لتحرير الاقتصاد الاسرايل فاق استثماري,"        :

```
وزير الزراعة والثروة السمكية يرع افتتاح الملفق العربي الثالث للصناعات الصغير والمتوسط والي نزو يلتقي بعضا

لحن فرع غرف تجار وصناع عمان بالداخلى ارتفاع سعار السمنت بالسلطان بنسب تقابرب بالمما سوق مستقط

في طريقه لكمس حاجز نقط تقرير الوطن الاقتصادي الهند تستضيف اجتماعا طاررا لدول سارك لبحث انفليزا

الطير الهستندروت يعلن الحرب على خط ينتيباهو لتحرير الاقتصاد الاسرائيل فاق استماري
```"
33,<PIL.Image.Image image mode=RGB size=689x160 at 0x7FDB201E7D10>,برنامج سند يمول مشروعا بالمنطق الشرقي رسا الاتحادات العربي يبحثون تطبيق منطق التجار العربي الحر الكبر والاعفا الكامل من الرسوم الجمركي العراق يعد للتفاوض عل اتفاقات نفطي مع مديري شركات النفط الدولي متمر اتحاد المصارف العربي يوصي بتوسيع المصارف لتمويل مشاريع الاستثمار الفاق الصناعي للغاز الطبيعي لتنشيط التجار البينيه بينها انشا سك حديدي وتبسيط الجراات الجمركي الخليجي,"        :

برنامج سند يمول مشروعًا بالمنطقة الشرقية رساً الاتحادات العربية يبحثون تطبيق منطقة التجارة العربي الحر
الكبير والاعفاء الكامل من الرسم الجمركي العراقي بعد للتفاوض على اتفاقات نفطي مع مديري شركات النفط
الدولي متجر اتحاد المصارف العربي يوصي بتوسيع المصارف لتحويل المشاريع الاستثمار الفقاق الصناعي للغاز
الطبيعى لتشطيب التجارة البينية بينها انشاء سك حديدي وتبسيط الاجراءات الجمركي الخليجي",برنامج سند يمول مشروعا بالمنطق الشرقي رسا الاتحادات العربي يبحثون تطبيق منطق التجار العربي الحر الكبر والاعفا الكامل من الرسوم الجمركي العراق يعد للتفاوض عل اتفاقات نفطي مع مديري شركات النفط الدولي متمر اتحاد المصارف العربي يوصي بتوسيع المصارف لتمويل مشاريع الاستثمار الفاق الصناعي للغاز الطبيعي لتنشيط التجار البينيه بينها انشا سك حديدي وتبسيط الجراات الجمركي الخليجي,"        :

برنامج سند يمول مشروعا بالمنطقة الشرقية رسا الاتحادات العربية يبحثون تطبيق منطقة التجارة العربي الحر
الكبير والاعفاء الكامل من الرسم الجمركي العراقي بعد للتفاوض على اتفاقات نفطي مع مديري شركات النفط
الدولي متجر اتحاد المصارف العربي يوصي بتوسيع المصارف لتحويل المشاريع الاستثمار الفقاق الصناعي للغاز
الطبيعى لتشطيب التجارة البينية بينها انشاء سك حديدي وتبسيط الاجراءات الجمركي الخليجي"
34,<PIL.Image.Image image mode=RGB size=689x160 at 0x7FDB201DAA50>,عقد جلس مباحثاث رسمي بين السلطن وتركيا ارتفاع سعار حديد التسليح لماذا المديري العام للاسكان والكهربا والمياه بالمنطق الداخلي اجتماع اللجن الدام للارصاد الجوي لدول مجلس التعاون اجتماع لجن المقاولات بمنطق الظاهر وصلال سوق مسقط يواصل الارتفاع والمشر في طريقه لكسر حاجز نقط كيف ستثر خط بوش للهجر عل الاقتصاد وسوق العمل المصرف العربي للتنمي الاقتصادي يعقد اجتماعه الخير لعام,"        :

""عقد جلس مباحثات رسمي بين السلطان وتركيا ارتفاع سعار جديد التسليح لمنا المديري العام للسكان والكبريا والمياه بالمنطقة الداخلي اجتماع اللجن الادام للرصيد الجوي لمل مجلس التعاون اجتماع نجن المقاولات بمنطق الطاهر وصال سوق مستقط يواصل الانفعاع والمشير في طريقة لمسار حاجز نقط كيف ستر خط يوش للهجج على الاقتصاد وسوق العمل المصرف العربي للتنمي الاقتصادي بعد اجتماعه الخير لعام""",عقد جلس مباحثاث رسمي بين السلطن وتركيا ارتفاع سعار حديد التسليح لماذا المديري العام للاسكان والكهربا والمياه بالمنطق الداخلي اجتماع اللجن الدام للارصاد الجوي لدول مجلس التعاون اجتماع لجن المقاولات بمنطق الظاهر وصلال سوق مسقط يواصل الارتفاع والمشر في طريقه لكسر حاجز نقط كيف ستثر خط بوش للهجر عل الاقتصاد وسوق العمل المصرف العربي للتنمي الاقتصادي يعقد اجتماعه الخير لعام,"        :

""عقد جلس مباحثات رسمي بين السلطان وتركيا ارتفاع سعار جديد التسليح لمنا المديري العام للسكان والكبريا والمياه بالمنطقة الداخلي اجتماع اللجن الادام للرصيد الجوي لمل مجلس التعاون اجتماع نجن المقاولات بمنطق الطاهر وصال سوق مستقط يواصل الانفعاع والمشير في طريقة لمسار حاجز نقط كيف ستر خط يوش للهجج على الاقتصاد وسوق العمل المصرف العربي للتنمي الاقتصادي بعد اجتماعه الخير لعام"""
35,<PIL.Image.Image image mode=RGB size=689x162 at 0x7FDB201DAE50>,الخابور تستقبل بطالها بالهازيج ومسيرات جماهيري ترشيح خمس من اتحاد اليد لعضوي لجان الاتحاد الاسيوي فاطم النبهاني تحرز الميدالي البرونزي في دولي سوريا للتنس سهيل الكليبي بطل رفع الثقال وجهاد الزدجالي بطل القو البدني اتحاد السل يعقد اجتماعا تشاوريا مع ندي محافظ ظفار المبياد ثينا بعد فوزهم بلقب خليجي للناشين الخابور تستقبل بطالها بالهازيج ومسيرات جماهيري طافت شوارع الولاي,"        :

الخاير تستقبل بطالها بالخارج ومصيرات جماهيري ترشيح خمس من اتحاد اليد لعضوي اتحاد

الاسمي فاطم الشهابي تحجز المدالي البرونزي في دوملي سوريا للتنس سهيل الكليبي بطل رفع النقال وجهاد

الزداحي بطل القوى البندقي اتحاد السل يعقد اجتماعا تشاوريا مع ندي محافظ طلفار المياد ثينا بعد فوزهم

بلقب خليجي للناشئين الخاير تستقبل بطالها بالخارج ومصيرات جماهيري طافقت شوارع العزي",الخابور تستقبل بطالها بالهازيج ومسيرات جماهيري ترشيح خمس من اتحاد اليد لعضوي لجان الاتحاد الاسيوي فاطم النبهاني تحرز الميدالي البرونزي في دولي سوريا للتنس سهيل الكليبي بطل رفع الثقال وجهاد الزدجالي بطل القو البدني اتحاد السل يعقد اجتماعا تشاوريا مع ندي محافظ ظفار المبياد ثينا بعد فوزهم بلقب خليجي للناشين الخابور تستقبل بطالها بالهازيج ومسيرات جماهيري طافت شوارع الولاي,"        :

الخاير تستقبل بطالها بالخارج ومصيرات جماهيري ترشيح خمس من اتحاد اليد لعضوي اتحاد

الاسمي فاطم الشهابي تحجز المدالي البرونزي في دوملي سوريا للتنس سهيل الكليبي بطل رفع النقال وجهاد

الزداحي بطل القوى البندقي اتحاد السل يعقد اجتماعا تشاوريا مع ندي محافظ طلفار المياد ثينا بعد فوزهم

بلقب خليجي للناشئين الخاير تستقبل بطالها بالخارج ومصيرات جماهيري طافقت شوارع العزي"
36,<PIL.Image.Image image mode=RGB size=689x162 at 0x7FDB201DB1D0>,منتخبنا يواجه شقيقه السعود عل المكشوف ولا بديل عن الفوز يمن عبدالوهاب الريس القليمي لللمبياد الخاص الدولي فريق الطليع بنادي بهلا يكرم شبابه المتميز الاحتفال باختتام النشط الرمضاني بفريق نجوم الشرق بولاي العوابي اليوم اجتماع مسابقات التنس تونس تكسب مصر بالثلاث وتقضي عل مالها ربع فات تتنافس اليوم في مسابق قفز الحواجز منتخبات الطار تخاطب الندي للختيار عناصر لمنتخب الشباب,"        :

""منتخبنا يواجه شقيقه السعودي على المكشوف ولا بدّل عن الفوز بين عبدالمحب ابرز القيمي للمبياد الخاص الدولي فيريق الطليع بنادي بهلا يكم شبابه المتميز الاحتفال باختتام النشط الرمضاني بفريق نجوم الشرق يواني العوابي اليوم اجتماع مسابقات التنس تونس تكسب مصر بالثلاث وتقضي على مالها ربع فات تنافس اليوم في مسابق قفز الحواجز منتخبات الطار تحاطب الندي للخيار عناصر لمنتخب الشباب""",منتخبنا يواجه شقيقه السعود عل المكشوف ولا بديل عن الفوز يمن عبدالوهاب الريس القليمي لللمبياد الخاص الدولي فريق الطليع بنادي بهلا يكرم شبابه المتميز الاحتفال باختتام النشط الرمضاني بفريق نجوم الشرق بولاي العوابي اليوم اجتماع مسابقات التنس تونس تكسب مصر بالثلاث وتقضي عل مالها ربع فات تتنافس اليوم في مسابق قفز الحواجز منتخبات الطار تخاطب الندي للختيار عناصر لمنتخب الشباب,"        :

""منتخبنا يواجه شقيقه السعودي على المكشوف ولا بدل عن الفوز بين عبدالمحب ابرز القيمي للمبياد الخاص الدولي فيريق الطليع بنادي بهلا يكم شبابه المتميز الاحتفال باختتام النشط الرمضاني بفريق نجوم الشرق يواني العوابي اليوم اجتماع مسابقات التنس تونس تكسب مصر بالثلاث وتقضي على مالها ربع فات تنافس اليوم في مسابق قفز الحواجز منتخبات الطار تحاطب الندي للخيار عناصر لمنتخب الشباب"""
37,<PIL.Image.Image image mode=RGB size=689x162 at 0x7FDB201DB4D0>,تتويج مسقط بطلا لكس النخب والسيب وصيفا والنصر ثالثا بحث استعدادات منتخبات التنس للمشاركات القادم جولدن توليب السيب يعد برنامجا شاملا لامتاع عشاق كر القدم في كس البحرين الرفاع ل النهاي ميزاني الولمبياد تتخط ما كان محددا لها ف تصفيات مونديال لقا مصر مع ساحل العاج قو مواجهات الجول الثاني تهل ماوريسمو وهانتوتشوفا للدور قبل النهاي في بطول يستبورن للتنس بطول كس المم الوروبي,"       :

""    ,          ' .             .             .""

                '     .",تتويج مسقط بطلا لكس النخب والسيب وصيفا والنصر ثالثا بحث استعدادات منتخبات التنس للمشاركات القادم جولدن توليب السيب يعد برنامجا شاملا لامتاع عشاق كر القدم في كس البحرين الرفاع ل النهاي ميزاني الولمبياد تتخط ما كان محددا لها ف تصفيات مونديال لقا مصر مع ساحل العاج قو مواجهات الجول الثاني تهل ماوريسمو وهانتوتشوفا للدور قبل النهاي في بطول يستبورن للتنس بطول كس المم الوروبي,"       :

""    ,          ' .             .             .""

                '     ."
38,<PIL.Image.Image image mode=RGB size=689x160 at 0x7FDB201DB710>,ندو عن التعداد الزراعي بزكي ولاي مصير تشهد قبالا كبيرا عل برنامج سند غدا والي نزو يرع الندو التعريفي عن التعداد الزراعي ناب محافظ ظفار يترس اجتماع لجن مناقصات صلال دول مجلس التعاون توافق عل عفا اللماس من الجمارك تداولات نشط بسوق مسقط مع بداي التعاملات الاسبوعي تتجاوز قيمتها الثلاث ملايين ريال عماني من ل نوفمبر الجاري السلطن تستضيف ندو المناطق الصناعي لدول الخليج العربي,"""ندعو التعداد الزراعي بركي والذي يشير إلى تجديد تجارة كبيرة على برنامج سند عدا والى نزول الدم التعريفي عن التعداد الزراعي ناب محافظ طفرا يتبرس اجتماع لجن مناصصة صلال دبل مجلس التعاون توافق على عفا اللداس من الجمارك تداولات نشط بسوق مستقط مع بدأ التعاملات الأسبوعي تتجاور قيمتها الثلاث ملايين ريال عماني من ل توغمر الجاري السلطن تستضيف ندو المناطق الصناعي لدول الخليج العربي""",ندو عن التعداد الزراعي بزكي ولاي مصير تشهد قبالا كبيرا عل برنامج سند غدا والي نزو يرع الندو التعريفي عن التعداد الزراعي ناب محافظ ظفار يترس اجتماع لجن مناقصات صلال دول مجلس التعاون توافق عل عفا اللماس من الجمارك تداولات نشط بسوق مسقط مع بداي التعاملات الاسبوعي تتجاوز قيمتها الثلاث ملايين ريال عماني من ل نوفمبر الجاري السلطن تستضيف ندو المناطق الصناعي لدول الخليج العربي,"""ندعو التعداد الزراعي بركي والذي يشير إلى تجديد تجارة كبيرة على برنامج سند عدا والى نزول الدم التعريفي عن التعداد الزراعي ناب محافظ طفرا يتبرس اجتماع لجن مناصصة صلال دبل مجلس التعاون توافق على عفا اللداس من الجمارك تداولات نشط بسوق مستقط مع بدأ التعاملات الأسبوعي تتجاور قيمتها الثلاث ملايين ريال عماني من ل توغمر الجاري السلطن تستضيف ندو المناطق الصناعي لدول الخليج العربي"""
39,<PIL.Image.Image image mode=RGB size=689x194 at 0x7FDB201DB850>,حرك تجاري نشط في سواق ولاي السويق هبط رمضان بسوق نزو تسجل كبر حرك تجاري قبال كبير عل المعروض من الملابس ومستلزمات العيد حرك شراي قوي تشهدها هبط السيب العماني العالمي للتنمي والاستثمار تحقق كثر من ست ملايين ريال صافي رباح موحد خلال التسع الاشهر الماضي تداولات هاد تشهدها سوق مسقط في ختام التعاملات السبوعي لول مر منذ كثر من عشر سنوات ريال سعر رس البقر و للغنم بهبط العيد بنخل,"        :

```
حركة تجاري نشط في سوق، والذي السوق يحيط بمضان بسعر نزو تسجل كير حرك تجاري قبال كبير على
المعرض من الملابس ومستلزمات العيد حرك شراي قعي تشدها هبط السيب العماني للتنمي
والاستثمار تحتفق كثر من ست ملايين ريال صافي رباح محمد خلال التسع الاشهر الماضي نداولات هاد
تشدها سوق مستقط في ختام التعاملات السيوي لول مر منذ كار من عشر سنوات ريال سعر رس النقر و
للغم بهبط العيد بدخل
```",حرك تجاري نشط في سواق ولاي السويق هبط رمضان بسوق نزو تسجل كبر حرك تجاري قبال كبير عل المعروض من الملابس ومستلزمات العيد حرك شراي قوي تشهدها هبط السيب العماني العالمي للتنمي والاستثمار تحقق كثر من ست ملايين ريال صافي رباح موحد خلال التسع الاشهر الماضي تداولات هاد تشهدها سوق مسقط في ختام التعاملات السبوعي لول مر منذ كثر من عشر سنوات ريال سعر رس البقر و للغنم بهبط العيد بنخل,"        :

```
حركة تجاري نشط في سوق، والذي السوق يحيط بمضان بسعر نزو تسجل كير حرك تجاري قبال كبير على
المعرض من الملابس ومستلزمات العيد حرك شراي قعي تشدها هبط السيب العماني للتنمي
والاستثمار تحتفق كثر من ست ملايين ريال صافي رباح محمد خلال التسع الاشهر الماضي نداولات هاد
تشدها سوق مستقط في ختام التعاملات السيوي لول مر منذ كار من عشر سنوات ريال سعر رس النقر و
للغم بهبط العيد بدخل
```"
40,<PIL.Image.Image image mode=RGB size=689x162 at 0x7FDB2014E790>,نوفمبر القادم السلطن تستضيف المتمر والمعرض الثالث لصناع الاسمنت ديسمبر القادم الاسكندري تستضيف متمر الغرف التجاري والصناعي والزراعي بالبلدان الفريقي شاد بدور السلطن في مجال الرقاب المالي متمر لتفعيل التعاون بين بريطانيا وفريقيا لمكافح الفقر توقعات بنتاج ايجابي لخصخص الحكوم لبعض شركاتها عل الاقتصاد الكويتي والبورص تنهي اسبوعا من الادا الجيد الممثل التجار الميرك يغادر السلطن,"           :

""القائد السلطان تستضيف المعرض الثالث لصناعة الاسمنت ديسمر القائد الاستكندي
ستستضيف متمر الغرف التجاري والصناعي والزراعي بالبلدان الفريقي شاد بدر السلطان في مجال الرقابة
المالي ضمن لتقديم التعاون بين بريطانيا وفريقيا لمكافحة الفقر توقعات بنتاح ايجابي لخصوص الحكيم بعض
شركائها على الاقتصاد الكويتي والبورصة تنبي اسوعا من ادا الجيد الممثل التجار الميرك يغادر السلطان""

  :

"" '           ' 
                         
                        
                      """,نوفمبر القادم السلطن تستضيف المتمر والمعرض الثالث لصناع الاسمنت ديسمبر القادم الاسكندري تستضيف متمر الغرف التجاري والصناعي والزراعي بالبلدان الفريقي شاد بدور السلطن في مجال الرقاب المالي متمر لتفعيل التعاون بين بريطانيا وفريقيا لمكافح الفقر توقعات بنتاج ايجابي لخصخص الحكوم لبعض شركاتها عل الاقتصاد الكويتي والبورص تنهي اسبوعا من الادا الجيد الممثل التجار الميرك يغادر السلطن,"           :

""القائد السلطان تستضيف المعرض الثالث لصناعة الاسمنت ديسمر القائد الاستكندي
ستستضيف متمر الغرف التجاري والصناعي والزراعي بالبلدان الفريقي شاد بدر السلطان في مجال الرقابة
المالي ضمن لتقديم التعاون بين بريطانيا وفريقيا لمكافحة الفقر توقعات بنتاح ايجابي لخصوص الحكيم بعض
شركائها على الاقتصاد الكويتي والبورصة تنبي اسوعا من ادا الجيد الممثل التجار الميرك يغادر السلطان""

  :

"" '           ' 
                         
                        
                      """
41,<PIL.Image.Image image mode=RGB size=689x194 at 0x7FDB201E40D0>,الشعرا يرثون الشيخ الشهيد حمد ياسين كتاب يتناول الشباب المسلم في العالم الحديث مشارك ردني وعربي بجاز الملك عبد الله الثاني للبداع حمد رزق السينما في مرحل انتعاش ولا فهم سر الهجوم عليها في تنبات بيفر وزجراجن تتزاوج الكلم والشكل والواقع عل قلق مرصد الحضار افتتاح المعرض الخيري الثاني لكتاب الطفل لنادي صور المعرض يستمر ثلاث ايام ويشتمل عل كتب ثقافي وديني وقصص وحكايات وبرامج تعليمي,"        :

```
الشعراء يرون الشيخ الشهيد حمد ياسيين كتاب يتناول الشباب المسلم في العالم الحديث مشارك رديني

وعندي بجاز الملك عبد الله الثاني لبداية حمد رزق السيثيا في مرحل انتعاش ولا فهم سر الهجوم عليها في

تبات بيفر وزجاجين تزاوج الكلم والشكل والواقع عن قلق مرصد الحضار افتتاح المعرض الخيري الثاني

لكتاب الطفل نادي صور المعرض يستمر ثلاث أيام ويتشتمل على كتب ثقافي وديني وقصص وحكايات

وبرامج تعليمي
```",الشعرا يرثون الشيخ الشهيد حمد ياسين كتاب يتناول الشباب المسلم في العالم الحديث مشارك ردني وعربي بجاز الملك عبد الله الثاني للبداع حمد رزق السينما في مرحل انتعاش ولا فهم سر الهجوم عليها في تنبات بيفر وزجراجن تتزاوج الكلم والشكل والواقع عل قلق مرصد الحضار افتتاح المعرض الخيري الثاني لكتاب الطفل لنادي صور المعرض يستمر ثلاث ايام ويشتمل عل كتب ثقافي وديني وقصص وحكايات وبرامج تعليمي,"        :

```
الشعراء يرون الشيخ الشهيد حمد ياسيين كتاب يتناول الشباب المسلم في العالم الحديث مشارك رديني

وعندي بجاز الملك عبد الله الثاني لبداية حمد رزق السيثيا في مرحل انتعاش ولا فهم سر الهجوم عليها في

تبات بيفر وزجاجين تزاوج الكلم والشكل والواقع عن قلق مرصد الحضار افتتاح المعرض الخيري الثاني

لكتاب الطفل نادي صور المعرض يستمر ثلاث أيام ويتشتمل على كتب ثقافي وديني وقصص وحكايات

وبرامج تعليمي
```"
42,<PIL.Image.Image image mode=RGB size=691x164 at 0x7FDB201E43D0>,وزار التجار والصناع تصدر دليلا رشاديا لضبط جود التمور طبقا للمواصفات القياسي العماني وزير القو العامل يصدر قرارا وزاريا بتعمين مهن قياد المركبات ريس بلدي ظفار يرع افتتاح المتمر الثاني للامتياز التجاري في خدم الاقتصاد العماني تقرير الوطن الاقتصادي فاق استثماري لتدريب متدربا عل العديد من التخصصات الفني والحرفي والضياف جمع ل جمع يوقع عل اتفاقي بتكلف بلغت كثر من مليون وستما لف ريال,"        :

وزارة التجارة والصناعة تصدر ديليا وشامليا لضبط جود التمور طبقا للمواصفات القياسية العمانية وزير القوى العامل يصدر قرارا وزاريا بتعمين مين قياد المركبات رئيس بلدي طفرا يرع افتتاح المتمر الثاني للعميداز التجاري في خدم الاقتصاد العماني تقدير الوطن الاقتصادي فاق استثماري لتدريب متدرجا على العديد من التخصصات الفني والحرفي والضياف جمع يوقع على اتفاقي يتكلم بالغت كثر من مليون واستدما لفال",وزار التجار والصناع تصدر دليلا رشاديا لضبط جود التمور طبقا للمواصفات القياسي العماني وزير القو العامل يصدر قرارا وزاريا بتعمين مهن قياد المركبات ريس بلدي ظفار يرع افتتاح المتمر الثاني للامتياز التجاري في خدم الاقتصاد العماني تقرير الوطن الاقتصادي فاق استثماري لتدريب متدربا عل العديد من التخصصات الفني والحرفي والضياف جمع ل جمع يوقع عل اتفاقي بتكلف بلغت كثر من مليون وستما لف ريال,"        :

وزارة التجارة والصناعة تصدر ديليا وشامليا لضبط جود التمور طبقا للمواصفات القياسية العمانية وزير القوى العامل يصدر قرارا وزاريا بتعمين مين قياد المركبات رئيس بلدي طفرا يرع افتتاح المتمر الثاني للعميداز التجاري في خدم الاقتصاد العماني تقدير الوطن الاقتصادي فاق استثماري لتدريب متدرجا على العديد من التخصصات الفني والحرفي والضياف جمع يوقع على اتفاقي يتكلم بالغت كثر من مليون واستدما لفال"
43,<PIL.Image.Image image mode=RGB size=689x194 at 0x7FDB201E4850>,الانتقالي يناقش مصير الدستور وير ن القانون المقبل متمردو دارفور قتلوا جندي وسيطروا عل مناطق مهم ويحذرون البشير تقرير تايوان تريد تسريع نجاز صفق سلح بقيم مليار دولار من ميركا فشل تجرب صاروخي روسي الولايات المتحد تتحفظ عل رسال قو للتدخل في هايتي عمليات ميركي باكستاني مشترك عل الحدود الفغاني الانتقالي يناقش مصير الدستور وير ن القانون المقبل المتعلق بنظام الحكم سيكون وضعيا وليس سلاميا,"الانتقالي يناقش مصير الدستور ويرى القانون المقبل متعمدو دارفور قتلوا جندي وسيطروا على مناطق مهم

ويحذرون ابشير تقرير تابيون تريد تسريع نجاز صفق سلح بقيم مليار دولار من مبركا فشل تحجب صاروخي

روسي الولايات المتحدة تحتفظ على رسان قو للتدخل في هاتي عمليات ميركي باكستاني مشترك على الحدود

الغناوي الانتقالي يناقش مصير الدستور ويرى القانون المقبل يتعلق بظام الحكم سيكون وضعيا وليس سلاميا",الانتقالي يناقش مصير الدستور وير ن القانون المقبل متمردو دارفور قتلوا جندي وسيطروا عل مناطق مهم ويحذرون البشير تقرير تايوان تريد تسريع نجاز صفق سلح بقيم مليار دولار من ميركا فشل تجرب صاروخي روسي الولايات المتحد تتحفظ عل رسال قو للتدخل في هايتي عمليات ميركي باكستاني مشترك عل الحدود الفغاني الانتقالي يناقش مصير الدستور وير ن القانون المقبل المتعلق بنظام الحكم سيكون وضعيا وليس سلاميا,"الانتقالي يناقش مصير الدستور ويرى القانون المقبل متعمدو دارفور قتلوا جندي وسيطروا على مناطق مهم

ويحذرون ابشير تقرير تابيون تريد تسريع نجاز صفق سلح بقيم مليار دولار من مبركا فشل تحجب صاروخي

روسي الولايات المتحدة تحتفظ على رسان قو للتدخل في هاتي عمليات ميركي باكستاني مشترك على الحدود

الغناوي الانتقالي يناقش مصير الدستور ويرى القانون المقبل يتعلق بظام الحكم سيكون وضعيا وليس سلاميا"
44,<PIL.Image.Image image mode=RGB size=689x160 at 0x7FDB201E4C90>,ريس جهاز الرقاب المالي للدول يعود للبلاد وزار البلديات الاقليمي والبي وموارد المياه والشرك العماني للغاز الطبيعي المسال توقعان عل اتفاقي لانشا موقع لمعالج النفايات بولاي صور المصارف التخصصي العراقي تحتفظ باستقلاليتها مجددا غدا بد اجتماع وزرا النقل والمواصلات بمجلس التعاون بالكويت تصاعد سعار النفط يعرقل حمل بوش الانتخابي ديسمبر القادم السلطن تستضيف متمر من وسلام وتقني القطاع المصرفي,"        :

رئيس جهاز الرقابة المالي للدول يجند للبلاد زوار البلدان الأقليمية والي وموراد المياه والشرك العماني للغاز الطبيعي المسال يتعاون على اتفاق لاشرا موقع لمعالج التفاعات بولي صور المصارف التخصصي العراقي تحتفظ باستقلاليتها مجددا عدا بد اجتماع وزرا النقل والمواصلات بمجلس التعاون بالكويت تساعد سعار النفط يعرق حمل بيش الانتخابي يديسمير القادم السطان تستضيف متجر من وسلم وتقيي القطاع المصري",ريس جهاز الرقاب المالي للدول يعود للبلاد وزار البلديات الاقليمي والبي وموارد المياه والشرك العماني للغاز الطبيعي المسال توقعان عل اتفاقي لانشا موقع لمعالج النفايات بولاي صور المصارف التخصصي العراقي تحتفظ باستقلاليتها مجددا غدا بد اجتماع وزرا النقل والمواصلات بمجلس التعاون بالكويت تصاعد سعار النفط يعرقل حمل بوش الانتخابي ديسمبر القادم السلطن تستضيف متمر من وسلام وتقني القطاع المصرفي,"        :

رئيس جهاز الرقابة المالي للدول يجند للبلاد زوار البلدان الأقليمية والي وموراد المياه والشرك العماني للغاز الطبيعي المسال يتعاون على اتفاق لاشرا موقع لمعالج التفاعات بولي صور المصارف التخصصي العراقي تحتفظ باستقلاليتها مجددا عدا بد اجتماع وزرا النقل والمواصلات بمجلس التعاون بالكويت تساعد سعار النفط يعرق حمل بيش الانتخابي يديسمير القادم السطان تستضيف متجر من وسلم وتقيي القطاع المصري"
45,<PIL.Image.Image image mode=RGB size=691x202 at 0x7FDB201E4E90>,حلق عمل تحاضر فيها الفنان اليراني شقايق ربي معهد العالم العربي نقط اللتقا بين الحضارات والشعوب صدار جديد لمرشد بن محمد الخصيبي هل حقق متمر الملتق العربي للتربي والتعليم ببيروت هدافه ندو عن ل العود ضمن فعاليات صنعا عاصم الثقاف عاكف نجم ل الوطن نا سي جدا في التمثيل مقارن بالاخراج حبر عل ورق مقاربات تنطلق اليوم بالجمعي العماني للفنون التشكيلي حلق عمل تحاضر فيها الفنان اليراني شقايق ربي,"        :

حقّ عمل تحاضر فيها الفنانون البرازيليون شقاقين في معهد العالم العربي نقط التقاء بين الحضارات والشعوب

صدر جديد لمرشد بن محمد الخصيبى هل حقق متمر الملتقي العربي للتربى والتعليم ببيروت هداية ندو عن ل

العديد ضمن فعاليات صنعا عاصم الثقافات عاكد تجمّل الوطن ناسى جداً في التمثيل مقابل بالخروج جرى على

ورق مقاربات تطلق اليم بالجمعي العماني للفنون التشكيلى حقّ عمل تحاضر فيها الفنانون البرازيليون شقاقين",حلق عمل تحاضر فيها الفنان اليراني شقايق ربي معهد العالم العربي نقط اللتقا بين الحضارات والشعوب صدار جديد لمرشد بن محمد الخصيبي هل حقق متمر الملتق العربي للتربي والتعليم ببيروت هدافه ندو عن ل العود ضمن فعاليات صنعا عاصم الثقاف عاكف نجم ل الوطن نا سي جدا في التمثيل مقارن بالاخراج حبر عل ورق مقاربات تنطلق اليوم بالجمعي العماني للفنون التشكيلي حلق عمل تحاضر فيها الفنان اليراني شقايق ربي,"        :

حق عمل تحاضر فيها الفنانون البرازيليون شقاقين في معهد العالم العربي نقط التقاء بين الحضارات والشعوب

صدر جديد لمرشد بن محمد الخصيبى هل حقق متمر الملتقي العربي للتربى والتعليم ببيروت هداية ندو عن ل

العديد ضمن فعاليات صنعا عاصم الثقافات عاكد تجمل الوطن ناسى جدا في التمثيل مقابل بالخروج جرى على

ورق مقاربات تطلق اليم بالجمعي العماني للفنون التشكيلى حق عمل تحاضر فيها الفنانون البرازيليون شقاقين"
46,<PIL.Image.Image image mode=RGB size=689x194 at 0x7FDB28594490>,فبراير القادم علان نتاج الشهاد العام النبهاني يرع ختام مسابقات المشا بمدرعات سلطان عمان بد فعاليات متمر ماثيماتيكا الخليج م في جامع السلطان قابوس حمد السيابي يعقد اجتماعا يضم جميع عضا الوفود المشارك في البعث التنمي الاجتماعي تتسلم شيكا بقيم لف ريال من الهي العماني للعمال الخيري جمعي المهندسين العماني تنظم محاضر حول عمليات استغلال مياه الصرف الصحي وتطبيقاتها في السلطن خبار مهرجان مسقط,"        :

```
في إطار القائم علان نجاح الشهاد العام النهابي يرع ختام مسابقات المشا بمدرعات سلطان عمان بد فعاليات
متمر مايدماتكا الخليج م في جامع السلطان قابس حمد السياب يعقد اجتماعا يضم جميع عصا الوغيد
المشارك في البحث التندي الاجتماعي تسلم شيكا بقيم لف ريال من الهي العماني للعمال الخير جمعي
المهندسين العماني تنظم محاضر حل عمليات استغلال مياه الصرف الصحي وتطبيقاتها في السلطان خار
ميرجان مستقط
```",فبراير القادم علان نتاج الشهاد العام النبهاني يرع ختام مسابقات المشا بمدرعات سلطان عمان بد فعاليات متمر ماثيماتيكا الخليج م في جامع السلطان قابوس حمد السيابي يعقد اجتماعا يضم جميع عضا الوفود المشارك في البعث التنمي الاجتماعي تتسلم شيكا بقيم لف ريال من الهي العماني للعمال الخيري جمعي المهندسين العماني تنظم محاضر حول عمليات استغلال مياه الصرف الصحي وتطبيقاتها في السلطن خبار مهرجان مسقط,"        :

```
في إطار القائم علان نجاح الشهاد العام النهابي يرع ختام مسابقات المشا بمدرعات سلطان عمان بد فعاليات
متمر مايدماتكا الخليج م في جامع السلطان قابس حمد السياب يعقد اجتماعا يضم جميع عصا الوغيد
المشارك في البحث التندي الاجتماعي تسلم شيكا بقيم لف ريال من الهي العماني للعمال الخير جمعي
المهندسين العماني تنظم محاضر حل عمليات استغلال مياه الصرف الصحي وتطبيقاتها في السلطان خار
ميرجان مستقط
```"
47,<PIL.Image.Image image mode=RGB size=691x196 at 0x7FDB201E55D0>,جمع ل جمع يرع افتتاح ندو نظرات في قانوني العمل والتمينات الاجتماعي بكلي الشريع والقانون وزرا المالي والاقتصاد العرب يبحثون الملف الاقتصادي للقم العربي بتونس دول تخصص كثر من عشر مليارات دولار لصندوقي عاد العمار في العراق فاق استثماري اختلاف قياسات مشر الحري الاقتصادي بمشارك السلطن لجن النقل بالاسكوا تناقش تنفيذ اتفاق الطرق الدولي ف المشرق العرب ومذكر التفاهم المشترك ف مجال النقل البحر,"        :

جمع جمع بر اقتراح ندو نظرات في قانوني العمل والتمييز الاجتماعي بكل الشرع والقانون وزرا المالى والاقتصاد العرب يحتضن المنف الاقتصادي للقلم العربي بتجنس دول تحصص كر من عشر مليارات دولار لصندوقي عاد العمار في العراق فاق استثماري اختلاف قياسات مشر الحري الاقتصادي بمشارك السلطان لجن النشل بالاسكما تناقش تنفيذ اتفاق الطرق الدولي ف الشرق العرب ومذكر اتفاهم المشترك ف مجال النقل البحر",جمع ل جمع يرع افتتاح ندو نظرات في قانوني العمل والتمينات الاجتماعي بكلي الشريع والقانون وزرا المالي والاقتصاد العرب يبحثون الملف الاقتصادي للقم العربي بتونس دول تخصص كثر من عشر مليارات دولار لصندوقي عاد العمار في العراق فاق استثماري اختلاف قياسات مشر الحري الاقتصادي بمشارك السلطن لجن النقل بالاسكوا تناقش تنفيذ اتفاق الطرق الدولي ف المشرق العرب ومذكر التفاهم المشترك ف مجال النقل البحر,"        :

جمع جمع بر اقتراح ندو نظرات في قانوني العمل والتمييز الاجتماعي بكل الشرع والقانون وزرا المالى والاقتصاد العرب يحتضن المنف الاقتصادي للقلم العربي بتجنس دول تحصص كر من عشر مليارات دولار لصندوقي عاد العمار في العراق فاق استثماري اختلاف قياسات مشر الحري الاقتصادي بمشارك السلطان لجن النشل بالاسكما تناقش تنفيذ اتفاق الطرق الدولي ف الشرق العرب ومذكر اتفاهم المشترك ف مجال النقل البحر"
48,<PIL.Image.Image image mode=RGB size=689x194 at 0x7FDB29F20050>,ارتبط المزارع العماني بالنخل وتعهدها بالعناي والرعاي شركات التقني الكبر تكمل بعضها البعض ف قطاع العمال مسول خليجي يستبعد تغيير الدولار كمثبت مشترك للعملات الخليجي السبت القادم متمردول يناقش نقل التكنولوجيا والاستثمارات بين دول المتوسط اقبال جيد من الكويتيين عل تداول الاسهم في الاسواق الاميركي القو العامل تعمل عل توفير العديد من فرص العمل للشباب الباحثين عن عمل بكاف القطاعات الاقتصادي,"       :

""          ,         .        ,       .         .         .         .         .         .         .         .         .         .         .         .         .         .         .         .         .         .         .         .         .         .         .         .         .         .         .         .         .         .         .         .         .         .         .         .         .         .         .         .         .         .         .         .         .         .         .         .         .         .         .         .         .         .         .         .         .         .         .         .         .         .         .         .         .         .         .         .         .         .         .         .         .         .         .         .         .         .         .         .         .         .         .         .         .         .         .         .         .         .         .         .         .         .         .         .         .         .      ",ارتبط المزارع العماني بالنخل وتعهدها بالعناي والرعاي شركات التقني الكبر تكمل بعضها البعض ف قطاع العمال مسول خليجي يستبعد تغيير الدولار كمثبت مشترك للعملات الخليجي السبت القادم متمردول يناقش نقل التكنولوجيا والاستثمارات بين دول المتوسط اقبال جيد من الكويتيين عل تداول الاسهم في الاسواق الاميركي القو العامل تعمل عل توفير العديد من فرص العمل للشباب الباحثين عن عمل بكاف القطاعات الاقتصادي,"       :

""          ,         .        ,       .         .         .         .         .         .         .         .         .         .         .         .         .         .         .         .         .         .         .         .         .         .         .         .         .         .         .         .         .         .         .         .         .         .         .         .         .         .         .         .         .         .         .         .         .         .         .         .         .         .         .         .         .         .         .         .         .         .         .         .         .         .         .         .         .         .         .         .         .         .         .         .         .         .         .         .         .         .         .         .         .         .         .         .         .         .         .         .         .         .         .         .         .         .         .         .         .         .      "
49,<PIL.Image.Image image mode=RGB size=689x194 at 0x7FDB201E5B90>,تراجع اعداد حالات سرطان الرحم والمبيض في السلطن خلال السنوات الماضي نسب نجاز معظم مشاريع مدادات المياه بالداخلي بلغت ما بالما مديري التربي بظفار تنظم البرنامج التدريبي الاول حلق تطبيقي لمنسقي وزار الداخلي بمعهد الادار العام حلق تربوي في الماد العلمي والتجارب العملي لمواد العلوم بتعليمي شمال الباطن اختتام المهرجان الشعبي والقري التراثي بمنطق مجيس كل عام والجميع بلف خير خبار مهرجان مسقط,"'       :

تراجع اعداد حالات سرطان الرحم والمبيض في السلطنة خلال السنوات الماضية نسب تجار معظم مشاريع مدادات المياه بالداخلي بلفت ما بالما مديري التربي بطرق تنظم البرنامج التدريبي الأول حلق تطبيقي لمنسقي وزار الداخلي بمعدود الادار العام حلق تربوي في العاد العلمي والتجارب العملي لموراد العلوم تعليمي شمال الباطن اختدام المهرجان الشعبى والقرى التراثي بصنف مجيس كل عام والجميع يلف خير خيار مهرجان مسقط",تراجع اعداد حالات سرطان الرحم والمبيض في السلطن خلال السنوات الماضي نسب نجاز معظم مشاريع مدادات المياه بالداخلي بلغت ما بالما مديري التربي بظفار تنظم البرنامج التدريبي الاول حلق تطبيقي لمنسقي وزار الداخلي بمعهد الادار العام حلق تربوي في الماد العلمي والتجارب العملي لمواد العلوم بتعليمي شمال الباطن اختتام المهرجان الشعبي والقري التراثي بمنطق مجيس كل عام والجميع بلف خير خبار مهرجان مسقط,"'       :

تراجع اعداد حالات سرطان الرحم والمبيض في السلطنة خلال السنوات الماضية نسب تجار معظم مشاريع مدادات المياه بالداخلي بلفت ما بالما مديري التربي بطرق تنظم البرنامج التدريبي الأول حلق تطبيقي لمنسقي وزار الداخلي بمعدود الادار العام حلق تربوي في العاد العلمي والتجارب العملي لموراد العلوم تعليمي شمال الباطن اختدام المهرجان الشعبى والقرى التراثي بصنف مجيس كل عام والجميع يلف خير خيار مهرجان مسقط"
