,text,prediction
0,"وَإِذا ما سَأَلَتْنِي عَن مَعْنَى لَفَظَهُ ""عرب"" عِنْدَ",_
1,أَمّا فَهُم النُصُوصِ وَاِسْتِنْباط مَعانِيها بِوَجْهٍ صَحِيحٌ دقيق،,_
2,تُثِير فِيها الاسود، وَهُوَ ما يَتَعارَض مَعَ اِكْتِشافِ,_
3,الجماعي، وَكادَت تَصِل إِلَى المَرْحَلَةِ الاِشْتِراكِيَّة لِسَيْطَرَةِ أَكْبَرَ,_
4,مَعَهُ مَنْدِيلا فِيهِ جردقتان وَقَطَعَ لَحْم سَكْباج مُبَرَّد,_
5,إِلَى المَدارِسِ العامه، وَلَم يَكُن فِي كَثِيرٍ مِن,_
6,المُسَبِّبِ لِظاهِرَةِ الاِحْتِباس الحَرارِيِّ وَلَها القُدْرَةِ عَلَى اِمْتِصاص,_
7,القُرْصِ وَتَكُون حِضْنه الشَغّالات فِي الوَسَطِ يَلِيها,_
8,"مِن الناحِيَةِ ""الجيولوجيه"" فَإِنَّ باطِنِ الهِلال وَحْدَهُ لا",_
9,وَيُمْكِن تَحْدِيدِ مَجْمُوعُهُ مِن العَوامِلُ المُفَسِّرَة لِهٰذا الأَداءِ,_
10,تأثرت بلغة بني إرم، فكتبت بها، كما فعل,_
11,تَكُون فارسيه، لِأَنَّ الفُرْسُ مجوس، وَالمَجُوس لا يَعْتَقِدُونَ,_
12,العربيه،,_
13,المِيلادِيِّ بِمُقْتَضَى قَوانِينِ القَوْط الغَرْبِيِّينَ عَلَى حَقِّهِم فِي,_
14,تَتَحَمَّل المَسْؤُولِيَّةِ المُتَعَلِّقَةِ بِخُطَّة التحريري. وَفَضَّلا عَن ذٰلِكَ,_
15,استعمل القدماء حجاره البراكين في البناء، ولا يزال,_
16,"أَو ثلثه؛ حَسَبَ خُصُوبَة الموسم, وَفِي نِهايَةِ الحِصاد",_
17,"بِالرُجُوعِ إِلَى مُؤَلِّفات ""الهمداني"" وَغَيْرِهِ مِن عُلَماءِ اليَمَنِ",_
18,الأَعْضاءِ فِي اِتِّحادِ المَغْرِبِ العَرَبِيِّ يرنامجا دُونِ اقليمي.,_
19,هائِلٌ تَحَدَّثَ فِيهِ تَفاعُلاتٌ نَوَوِيّه تَصِل دَرَجَةِ الحَرارَةِ,_
20,ذَهَبَ نُوح مُظَفَّر ضِرْغام بِصُحْبَةِ رَؤُوف بِن لؤي رايق ظافِر,_
21,الَّتِي تُسَكِّنها القَبائِلِ المتبديه، وَتَقَع فِي شَمالها وَفِي,_
22,بِلُبّ شاعِرِ الصِينِ الكَبِيرِ لِيَ بِأَيّ فِي زَمَنٍ,_
23,أَنَّنا فِي الحج. هَل تَعْلَم فائِدَةٍ الكَلِماتُ التالِيَة لِهٰذا النَصِّ,_
24,أَساسِيَّةٍ ،وتدربهم عَلَى تَوَلِّي,_
25,مَعَ البِيئَةِ اليابانِيَّةِ وَخُصُوصِيَّتها الثقافيه. كَما تَضَمَّنَ مَشْرُوعِ,_
26,عَمَلٍ مُؤَرَّخ الجاهليه، يَنْطَبِق أَيْضاً عَلَى أَهَمِّيَّةً شَعَرَ,_
27,وَقَد ذَهَبَ بِعَضُّهُم إِلَى إِن العَرَبِيَّةِ الشَرْقِيَّةِ كانَت,_
28,الأَساسِيُّ لِلطاقَةِ وَمِنها تَسْتَمِدّ الأَرْضِ الحَرارَةِ الَّتِي تَحْتاجها,_
29,مَعْهَدِ كونفوشيوس فِي جامِعَةِ قَناةِ السويس، أَقامَهُ مُنْتَدَى,_
30,سِتَّ وَعِشْرِينَ دَرَجَةِ غَرْباً وَاِثْنَتانِ وَثَلاثِينَ,_
31,فِي الفُرَصِ وَيَحِقّ لِلطُلّابِ ذَوِي المُتَطَلَّباتِ التَعْلِيمِيَّةِ الخاصَّةِ,_
32,وَذٰلِكَ بِمَدِينَة شانغْهاي تَبْلُغ سَعَة التَخْزِين لَقُرْص الأَشِعَّة,_
33,إِلّا أَنَّهُ لَم يَتَمَكَّن مَعَ ذٰلِكَ مِن العَضّ,_
34,الأُخْرَى,_
35,أَمّا الكروم، فَقَد غَرَسَت فِي مَناطِقِ مِن الجَزِيرَةِ,_
36,التَرْبِيَةِ والتكوين، حَظِيَ بِدَعْمٍ قَوِيٍّ مِن قِبَلَ أَعْلَى,_
37,الرِيفِيّات اللّاتِي عَمِلْنَ فِي المُدُنِ وَاللّاتِي لَم يُغادِرْنَ,_
38,وَأَشارُوا فِي حَدِيثهم إِلَى أَنَّ مُسْتَوَياتٍ,_
39,مَرْحَلَةِ التَعْلِيمِ الثانَوِيِّ,_
40,العَرِيقِ وَالحاضِر المُفِيدِ وَالمُسْتَقْبَلِ المَشْرِقِ,_
41,أَخِيرا لَم تَكُن جَمِيعُها نُصُوصاً حميريه,_
42,وَتَوَّهَ الرَئِيسِ إِلَى أَهَمِّيَّةً دَعْمِ العُمّالِ الفَلّاحَيْنِ العائِدِينَ,_
43,طَبَّقَت عَلَى الأَشْجارِ خِلالَ فَتْرَةٍ الدراسه، حَيْثُ اِعْتَمَدَ,_
44,وَطُرُقِ الإِنْتاجِ بِأَدْنَى مُسْتَوَياتٍ الحراثه، حَيْثُ كانَت العَلاقَةِ,_
45,عُمَر الأَشْجارِ مِن أَجْلِ تَجْدِيدِ شَباب الأَشْجارِ وَتَحْسِينِ,_
46,كِتابِ الأَخ الأُسْتاذ / عَلَى مُصْطَفَى المصراتي ،,_
47,كانَ أَبْخَل مِن بَرّاً اللّٰه وَأَطْيَب مِن بَرّاً,_
48,مُشْتَقّه مِن فِعْلٍ شائِع,_
49,عِلْماً لَقَوْمِيّه فِي الشِعْرِ الجاهِلِيّ,_
50,فِي بِعَضِّ المواسم، أَو كانَ بَقايا نهر، أَثَّرَت,_
51,لِلشِعْرِ عِنْدَ الجاهِلِيَّيْنِ إِلّا أَنَّنا لا نَجِد حمادا,_
52,وَكانَ التُجّارِ الأَجانِبِ قَد حَصَلُوا مُنْذُ القَرْنِ السادِسِ,_
53,وَالقائِلُونَ إِن سارِقَيْنِ مِن أَصْلِ لَفْظَتَيْنِ سارّه ووج,_
54,هٰذا التَقْسِيم وَما رَواهُ الرُواة مِن أَخْبارُ تِلْكَ,_
55,وَمِن السُيّاحِ الَّذِينَ اِخْتَلَطُوا بِقَبائِل بِلادِ العَرَبِ ،,_
56,نُسْخَةً مِن كِتابِها وَقِيمَتُها خَمْسمائَة وَخَمْسَةِ وَأَرْبَعُونَ مِلْيُونِ,_
57,الجَوِّيَّةِ وَمِن أَشِعَّة شَمْس مُحْرَقَةٍ مُنْهِكه وَمِن إِشْعاع,_
58,المُمَيَّزَةِ بِشَكْلٍ واضح. وَهٰذا مِن وِجْهَةِ نَظَرِنا ما,_
59,فِي ذٰلِكَ العامِّ وَهٰذا يَعُود أَساساً إِلَى شِدَّةٍ,_
60,"وَأَمّا ""الخنفري""، صاحِبِ السجل، فَهُوَ ""محمد بِن إِبّان",_
61,الفَنِّ جَرْحَى فَنِّ الأَداءِ وَهُوَ التَمْثِيلِ وَفَنٍّ الإِخْراج,_
62,إِلَى عَثَرَ جِيئَة وَذَهاباً إِلّا أَنَّهُ يَضَع العَرْضِ,_
63,الصِحِّيَّةِ فِي المَدارِسِ القائِمَةِ وَالمَدارِسِ الجديده، بِناءَ المَدارِسِ,_
64,يُرَكِّز أَصْحابِ هٰذِهِ النَظَرِيَّةِ عَلَى أَنَّ شِدَّة الأَشِعَّة,_
65,تَعاوُنٍ المَعْهَدِ مَعَ قِسْمِ اللُغَةِ الصِينِيَّةِ بِجامِعَةِ القاهِرَة,_
66,وَقَد بَقِيَت بِعَضِّ المَواضِع المَذْكُورَة تَسْتَغِلّ مَعادِنها فِي,_
67,لِهٰذا فَإِنَّ المُدَّةِ المُقَدَّرَةِ لَنُضُوبه هِيَ مِائَةِ وَخَمْسَةِ,_
68,خَمْسمائَة نُسْخَةً فِي عامَ أَلْفَ وَتِسْعمائَة وَسَبْعَةِ وتسعون،,_
69,مَجْمَعِ مَعَ نِظامِ تَشْغِيلِ النَوافِذ (وندوز)، وَمِن ثُمَّ,_
70,آل نَصْر المتاخرين، وَبِعَضِّ الأَخْبار المنعلقه بهم، أَمّا,_
71,كما أسس الترك,_
72,مِن جلده! فَلَمّا رَأَى فَرَحِهِ قَد تُضاعِف قال:,_
73,مِن ناحِيَةٍ وَفِي لِيبِيا مِن ناحِيَةٍ اخري، عَلَى,_
74,الأَسالِيبِ وَالاِبْتِكارات وَالصِناعاتِ وَالتَقْنِيَّةِ ثُمَّ تَحْوِيرها وَتَطْوِيرِها بِما,_
75,عَن طَرِيقِ الأَشِعَّة الكَوْنِيَّة الَّتِي تَمُرّ بِالغِلاف الجَوِّيِّ,_
76,صُور المادَّةُ الرقميه، مِن مِلَفّاتِ تَتَضَمَّن مَخْطُوطاتِ غَيْرِ,_
77,ناتِجا عَن قُوَّةٍ نُمُوِّ الأَصْلِ وَالأَصْناف المُسْتَخْدَمَةِ مِن,_
78,الجَدْوَلُ أَيْض أَنَّ مُكافَحَةِ الحشائش بِدُونِ اِسْتِخْدام,_
79,الشرقيه، وَلَعَلَّهُ كانَ تاجِرا مِن التُجّارِ الَّذِينَ كانُوا,_
80,لٰكِنَّ دُوَلِ الخَلِيجِ خِلافاً لِدُوَلِ أُخْرَى كَثِيرَةٍ مازالَت,_
81,يَتَّضِح مِن البَياناتِ الواره بِنَفْسِ الجَدْوَلُ أَنَّ أَكْثَرَ,_
82,رطبه والاخرى صحراويه الى ظروف تتسم بتقلب المناخ,_
83,وَنَتِيجَة لِكَوْنِ هٰذا الغازِ لا يَشْتَعِل وَلا يُساعِد,_
84,فِي البدايه، ثُمَّ مُحاكاة التَرْكِيبُ وَتَعْلَم الروح. إِذا,_
85,اِعْتَمَدَ مُؤْتَمَرٍ رِيُو دِي جانيرو، أَو ما يُسَمَّى,_
86,المَرْئِيّات العالِيَة الوُضُوحِ فِي الصين، وَيَعْتَقِدانِهِ أَحْدَثِ,_
87,وَالسِتِّينَ,_
88,طَوِيلٍ,_
89,وَالكَلَأ فَهُم رَحَلَ فَحَيْثُ ما تَسْقُط الأَمْطارِ يَتَنَقَّلُونَ,_
90,لِأُفَضِّل المبيعات. كانَت تِلْكَ واحِدَةٍ مِن اللَحَظاتِ الهامه.,_
91,وَقَد اِعْتَبَرَ فَرَجِي أَنَّ النِظامِ الامثلللزراعه هُوَ الَّذِي,_
92,اليَمَنِ الشَرْقِيَّة ، كَما أَسْلَفَنا إِذ لا شَيْء,_
93,السياق، يَجْدُر التَأْكِيدُ عَلَى ضَرُورَةِ ننسيق جَمِيعِ هٰذِهِ,_
94,يَتَأَدَّب فِيهِ وَيَتَعَلَّم الطاعَةَ,_
95,وَإِذا كانَ القُدامَى قَد أَخْطَأُوا فِي فَهُم مَعْنَى,_
96,ظاهِرَةِ البيدو. مِن المُلاحَظِ أَنَّ اللاشعه الشَمْسِيَّةُ تَسْقُط,_
97,داعَبَت أَحَدُ المَكْتَباتِ بِلَنْدَن قُرّاءها بِنافِذَة عَرَضَ كبيره:,_
98,كُلُّها فِي ذٰلِكَ الوَطَنِ الجَدِيدِ,_
99,التَساؤُلاتِ العَمِيقَةِ القادِرَةِ عَلَى بَلْوَرَةِ المَشارِيعِ الكُبْرِي,_
100,عطعوط وَهِلال خازِن عَفِيف للحج. بَدَأَت قَوافِلَ الحَجِيج حاجّ أَثْرَ,_
101,وَلِتُشْبَع نَفْسِها بُعْدَ جَوَّعَ وعطش. وَتَفْرَح الابل، وَيُدِر,_
102,لِلإِقامَة فِي بُيُوتِهِم وَتَناوَلَ طعامهم. لاحَظَت ما لِيَ,_
103,التَنافُسِ فِي تَقْدِيمِ كُلِّ جَدِيدٍ بِاللُغَةِ المَحَلِّيَّةِ,_
104,خ ض، ب س ش، ص غ ه,_
105,وَهُوَ مَلِكِ مِن مُلُوكُ قتبان. وَهٰكَذا بِالنِسْبَةِ إِلَى,_
106,المَوْجُودَةِ عَلَى سَطْحِ الأَرْضِ وَكَمِّيَّةٌ الأَراضِي المَزْرُوعَةِ وَأَخِيرا,_
107,بَدْء أَعْمالٍ خاصّه فِي الريف، معترحا فِي هٰذا,_
108,مُشْمِس دراق، غيظ، ناء ،بث ،نسر,_
109,اِسْتِعْمالُها فِي مُؤَلِّفات الهمداني,_
110,فِي مناسباتها، وَأَنَّ أَخْباراً خَلَقَت خلقا،,_
111,فِي الأَوْزار وَالآثامِ وَهُوَ كَذٰلِكَ الاِمْتِناعِ عَن فِعْلٍ,_
112,مِن اِخْتِلاف أَيْدِي الكِتابِ فِي رَسْمِ الحُرُوفُ وَنُقِرّها,_
113,تُؤَدِّي الدَقائِقِ الصُلْبَةِ العالِقَةِ بِالهَواء دَوْراً ثانَوِيّا فِي,_
114,والثلب، وَالظَلِيم والشاهين، وَبُعْدَ الشَأْو وَالقَطّامِيّ وَنَحْوَ ذلك.,_
115,لهم، وَيَشْتَرُونَ مِن أَصْحابِ تَكَّ السُفُنِ ما عِنْدَهُم,_
116,رقيقه، تَتَبَعْثَر فَيُظْهَر مِن خِلالَ فَجَواتها وَجْهِ الأَرْضِ,_
117,وَكانَ,_
118,التَصَرُّفِ بَلَغَتْهُ وَسَلَكَ أَلْفاظها بِطُرُقٍ تُؤَدِّي غَرَضَهُ وَتُعَبِّر,_
119,"حَفْرِ الرَسْمُ عَلَى الخشب"". وَعَلَى مَدَى أَكْثَرَ",_
120,لِتُقابِل الاِحْتِياجاتِ المَعْرِفِيَّة والمهاريه لِلزَرّاع فِي مَجالاتِ الزِراعَةِ,_
121,أُسْرَتَيَّ تانغ وسونغ، حَيْثُ كانَت السِلَعِ الرَئِيسِيَّةِ الَّتِي,_
122,الدِيمُوغرافِيِّ فَإِنَّ العَدَدَ المُطْلَقِ لِلفُقَراءِ اِسْتَقَرَّ فِي خَمْسَةِ,_
123,كانَ ماو يُخَصَّص وَقْتاً لَقِراءَة أَعْمالٍ مَطْبُوعه بِالحَكّ,_
124,الأَرْضِ وَعِنْدَما تَصِل إِلَى طَبَقَةٌ الستراتوسفير، تَتَمَكَّن الأَشِعَّةُ,_
125,جُزْء لَعَقاقِير الأَعْشابُ,_
126,لها. وَ أَنَّ مِثْلَ هٰذِهِ الجامِعاتِ لا تُلْحِق,_
127,الباديه، المُتَحَكِّمَةِ فِيها تَحْكُم الجُنُودِ فِي القِلاع وَبِعَضِّ,_
128,"عدي"" وَ ""ابي البختري""",_
129,عِشْرِينَ نَوْعاً أَو سِلاله جغرافيه، وَهِيَ الَّتِي يَعْتَمِد,_
130,وَسَجَّلَ مَيّاسات وَمَلامِحُ الأَجْسامِ وَما إِلَى دَلَّكَ,_
131,مُتَفاوِتُونَ بِمَدَى,_
132,يُؤَدِّي اِبْتِعادُ كَوْكَبِ الأَرْضِ,_
133,فِيها أَيْضاً حَجّارَةً بُرْكانَيْهِ وَالظاهِر إِنَّها كانَت مِن,_
134,الشَرْقِيَّةِ لَها إِلَى مُلْتَقَى الحُدُودِ بِالعَرَبِيَّةِ السعيده. وَ,_
135,الحية الميتة وكذلك مخلفات و فضلات الكائنات الحية,_
136,نَحَّياهُ وَذٰلِكَ بِالعَمَلِ مِن خِلالَ نَهْضَةِ وَطَنِيَّةٍ اِعْتِماداً,_
137,تَكُون الطِباع وَفِي خَلْقُ التمايز بَيِّنَ الأَجْناسِ البَشَرِيَّةِ,_
138,يَحِقّ لِأَيّ طالَبَ الاِنْضِمامِ إِلَى التَدْرِيبِ المِهْنِيِّ المُتَوَسِّطِ,_
139,الايقار وَالثِيران وَلِحَمِير وَلِجَمال الَّتِي كاتت تُسْتَخْدَم فِي,_
140,فيها، وَيَمِيل أَهْلِها إِلَى الزِراعَةِ والاستقرار، مِثْلَ مَدِينَةِ,_
141,العُلَماءِ راو أَنَّ التَغْيِيراتِ الطارِئَةِ عَلَى غِطاءِ,_
142,بِذٰلِكَ فَتَغافَلَ صَرَّحُوا لَهُ,_
143,دَرْسَ مُفِيدٌ – بِطَبْعه أُولَى صَغِيرَةٌ مُؤَلَّفَةٌ مِن,_
144,إِلَى ما يشاكله. قالَ سَجّاده وَهُوَ أَبُو سَعِيد,_
145,وَفِي اليمن، حَيْثُ تُمَثِّل ثَقافَةِ المُجْتَمَعِ جُمْلَةِ مِن,_
146,تَعْرِف لَهُ مَثِيلاً مُنْذُ سُقُوطِ رُوما وَتَكاثَرَ سُكّانِ,_
147,بِنَفْسِ السُرْعَة,_
148,"وَ مِنهُ ما يَتَجَلَّى لَحَواسّ اخري، أَمّا """,_
149,وَبَيْنَما يَمِيل البَعْضُ إِلَى عَدَمِ التَمْيِيزِ ما بَيِّنَ,_
150,عادَةً قَدِيمَةٌ جدا، رُبَّما رافَقَت الإِنْسانِ مُنْذُ يَوْمَ,_
151,تَعْلَمهم فِي الماضي. أَهْدافٍ تَعْلِيمِ الكِبارِ وَبِناءَ عَلَى,_
152,شاعَ سَمّ وَتَصْوِيرِ الكائِنات الحَيَّةِ فِي المِنْطَقَةِ العَرَبِيَّةِ,_
153,وَالاِرْتِقاءِ بِهِ إِلَى مُسْتَوَى يَسْتَجِيب لِمُتَطَلَّباتِ التَنْمِيَة البَشَرِيَّةِ,_
154,بِكِين وَالقاهِرَةِ العريقتين، بِكُلِّ ما لَدَيهِما مِن إِرث,_
155,لِسَبَبِ بسيط،هو أَنَّ أَسالِيبها وَمَعانِيها وَنَسَّقَها لا تَتَّفِق,_
156,الَّتِي سُرْعَتُها ثَمانِيَةِ عَشَرَ كِيلُومِتراً فِي الساعَةَ مِن,_
157,"""، ""كان البرد القارس مؤلما، كأنه سهام تخترق",_
158,قَبِلَهُ وَكَذا الهِجْرَةِ وَالحَجّ وَبُعْدَ هَل يُؤاخِذ,_
159,"الوِلاياتِ المتحده. حِينِها فَقَط وَصَلَ الكِتابِ إِلَى ""القمه"".",_
160,توجد إلا فى      توجد إلا في مناطق محددة من بلد الأجداد,_
161,أُيُونات الفِلُور والكلور الَّتِي تُهاجِم جُزَيْئات الأُوزُون وَتُحَطِّمها,_
162,مُغَطَّى,_
163,تُوَضِّح النَتائِجِ الوارِدَةِ بِالجَدْوَل رَقْمِ سَبْعَةِ وُجُودِ عَلاقَة,_
164,مِن غازِ ثُنائِيٍّ اوكسيد الكَرْبُون المَوْجُودِ فِي الهَواءِ,_
165,وَبِن ما دُونِ السِجِلِّ عَنها أَكَماً كانَ,_
166,اخر. وَفِي ضِمْنَ هٰؤُلاءِ قَبائِلُ عَرَبِيَّةٍ عديده، ضاعَ,_
167,الغازات الَّتِي تُؤَثِّر وَبِشَكْلٍ مُباشِرٍ فِي رَفْعِ دَرَجَةِ,_
168,فِي حَفْرِ العُرُوق الَّتِي تَكُون الذهب، وَأَمْثال ذٰلِكَ,_
169,؛ كُلُّها تَشْهَد عَلَى الاِخْتِلالات الكَبِيرَةِ فِي اِسْتِثْمارِ,_
170,يَتَضايَق الناسِ مِن أَثَّرَ الحُرِّ فيهم، مَعَ إِن,_
171,فَلَمّا تَطاوَلَت الأَيّامِ عَلَى سَدِّ مَأْرَب اِمْتَدَّت إِلَيهِ,_
172,وَسَنَتَعَرَّف عَلَى الأَماكِن الأَصْلِيَّةِ فِي اليَمَنِ,_
173,عَشَرَ مِن عُمَر الأَشْجارِ فَكانَ اِرْتِفاعِ تِلْكَ الوَتِيرَةِ,_
174,ضِفَّة النَهْرِ لَوْحاتِ رَسَمَها وَأَنْغ وَيْ (رسام صِينِيٌّ,_
175,مَعْبُوده الفِينِيقِيِّينَ الَّتِي كانُوا يُقَدِّمُونَ الذَبائِح البَشَرِيَّةِ وَالَّتِي,_
176,الصِينِ هٰذا العام.,_
177,مَذْهَبٍ الغالِبِيَّةِ الَّتِي تَجْعَل بِدايَةِ هٰذا التَقْوِيمِ سَنَةً,_
178,ونذكروا ما عَلَيكُم قِبَلَ أَنَّ تَذْكُرُوا ما لكم.,_
179,"مِن القِياسات ""وان كانَت قَلِيله جدا""، إِن المِنْطَقَة",_
180,يَزال أَحَدُهُم يَسِل مِن الخَيْط القِطْعَةَ بُعْدَ القِطْعَةَ,_
181,بمدرسه خاصة وعمر ثماني سنوات. لم يتوقف ماو,_
182,الجُزَيْئات وَالذَرّات مَعَ الأَشِعَّة الشَمْسِيَّةُ عالِيَةٍ الطاقَة وَهٰذا,_
183,الأَدَبِ الشَعْبِيِّ المُعاصِرِ سَواءُ فِي مَشْرِقٍ الوَطَنِ ومغربه.,_
184,وَالمَنْبَع الَّذِي غُرَفِ مِنهُ عِلْمِهِ بِأَحْوال الماضين، إِلَى,_
185,فِي حُرٌّ,_
186,"حَجّارَةً ""الكوارتس"" وَتُوجَد فِي مِنْطَقَة الطائِف صَدَرَ ""الغرانيت""",_
187,ذهب نوح  ضرغام بصحبه رؤوف بن لؤي رايق طافر,_
188,اخري، لَم تَتَضَمَّن بَرامِجِ مُكافَحَةِ التَصَحُّر أَو اِلْتِحاق,_
189,كانَ كَثِيراً ما يَقُول لِذٰلِكَ العراقي: لَيْتَ أَنِّي,_
190,أَعْمالٍ يَنْطُق بِمَهارَةٍ رِجالِ الأَعْمالِ الَّذِينَ كانُوا يَشَرُّونَ,_
191,"وَ مُلُوكهم وَ هَرَبَ مذحجو...""",_
192,فَهُوَ يَقَع بَيِّنَ النَحْل العِمْلاقِ وَالنَحْل الصغير، وَ,_
193,وَالقانُونِ العامِّ لِلتَرْبِيَةِ والتعليم، مَبْنِيَّةٌ عَلَى الحُقُوقِ المُتَساوِيَةُ,_
194,التنين، وَسُور الصِينِ العظيم، وَثَقافَة مَلاقِط الطَعامِ الصينيه،,_
195,أَطْلَقَت الشَرِكَةِ السَعُودِيَّةِ لِمُعَدّاتِ الدِيزِل المَحْدُودَةَ بِالسُوق السَعُودِيَّةِ,_
196,مِن المُؤَلِّفِينَ بالامتنان. وَالغَرِيبُ بِشَأْنِ انتعاس,_
197,الإِنْسانِ بالخالق.,_
198,فِي الفتري الصَباحِيَّةَ لَمُلْتَقَى التَوْظِيفِ بِجامِعَة بكين، الَّذِي,_
199,فَزَعَمَ إِن رَغْبَة الإِسْلامِ كانَت قَد اِتَّجَهَت إِلَى,_
200,بِالناسِ ثُمَّ التكون الجُسْمانِيّ ومظهره. وَمِن هُنا نَجِد,_
201,ظُرُوفٍ عادِلَةٍ وَمُتَساوِيه أَمامَ جَمِيعِ الإِسْبان لِمُمارَسَةِ حُقُوقِهِم,_
202,"مِن الأَمْثال : "" إِن طابَ رِيحكَ ذُرَى",_
203,إِن أَيّ مُحاوَلَةٍ لِلجَزْم مُبَكِّرَةٍ للغايه. فَهٰذِهِ قِصَّةُ,_
204,الإِدارَةِ العامَّة لِلآثارِ وَالمَتاحِف بِوِزارَةِ المَعارِفِ حالِيّاً وِكالَةُ,_
205,"العَرَبِيَّةِ مِن اغلاط. وَلَقَد تَأَثَّرَت رِواياتٍ ""ابن الكلي""",_
206,"""نهفان""، وَمِن أَبْناءِ ""تالب""ولم يَبْخَل الهمداني عليه،",_
207,مِن يَنْصُره وَيُفَضِّله وَيَحْتَج لَهُ وَيَدْعُو اليه. وَأَنَّهُ,_
208,الدَخْلِ المزرعي وَدَرَجاتِ المَهارَة فِي اِسْتِخْدامِ طُرُقٍ وَوَسائِلِ,_
209,وبطئ وَاِعْتِباطِيّه المَساطِر الإِدارِيَّة والقضائيه،,_
210,الايام.,_
211,حَتَّى يُصْبِح سَوِيّاً فِي حياته، ثُمَّ,_
212,، وَبِالكَثافَة السكانيه، والرعويه، وَمِيناء نَشَطا فِي تِجارَةٍ,_
213,عَلَى مَدَى أَكْثَرَ مِن أَلْفَ عام، ظِلِّ جيوهوا,_
214,نِظاماً حَرارِيّا يَسْتَمِدّ طاقَته المُحَرِّكَة مِن الأَشِعَّة,_
215,لَم تَكُن مُفاجَأَةً ظُهُورِ اِسْمَ تسي تونغ فِي,_
216,غازات سامّه غَطَّت مِساحَة كَبِيره مِن مِنْطَقَة جَنُوبِ,_
217,التاريخ، وَوَقَعُوا مِن ثُمَّ فِي خَطَأ بِالنِسْبَةِ إِلَى,_
218,وَهُوَ مُنَظَّمَةِ إِقْلِيمِيَّةٍ تَتَمَتَّع بِعُضْوِيَّةِ عِشْرُونَ دَوْلَةٍ فِي,_
219,"وَمُلُوك العَرَبِ والعجم""، وَوَرَدَ عَن ""ابن داب"" وَكانَ",_
220,يَسْتَعْرِض هٰذا التَقْرِيرُ الخَصائِص المُشْتَرَكَة لِبُلْدانِ شَمالِ إِفْرِيقِيا,_
221,الخَيْمَةِ وحو نائِم بِكَلِماتِ لا أَفْهَمها مِثْلَ اِنْقَضَّ بِغَلَس لَهُ,_
222,الجديده، كانَ هُناكَ بِالفِعْلِ تَجْدِيدا داخِلِيّاً هائِلاً فِي,_
223,الهدي، فَأَشارَ إِلَى قائِلاً بِلَهْجَةٍ السؤال: تَرِي ذيك,_
224,مِن أَرْجاء العالم، الَّتِي أَصْبَحَت الآنَ مُرْتَبِطَةً عَلَى,_
225,قِيمَةَ تُفِيد المُؤَرَّخُ فِي تَدْوِينُ هٰذا التاريخ، تَشْرَح,_
226,يَضُرّانِ به. نَسْتَنْتِج إِذا أَنَّ مَصْدَرٌ التِكْنُولُوجِيا هُوَ,_
227,أَحَرّ عِنْدَ وُصُولِنا طُفْنا وَسَعَيْنا مَعَ شيخ. كانَ جارِي فِي,_
228,وَالكِتاباتِ المُؤَرِّخَةُ قليله. هٰذا أَمْرٌ يُؤْسِف عليه، إِذ,_
229,عِنْدَما تَنْحَدِر السُيُولُ إِلَى بِلادِ مَأْرَب عَبْرَ مَضِيقِ,_
230,تَفِي بِالشُرُوطِ الاخري، وَتَتَّسِم بِنَفْسِ السِمات الَّتِي تُمَيِّز,_
231,شاهَدَهُ هُوَ بعينه، وَقِسْمُ الأَقالِيم بِحَسَبِ دَرَجاتٍ الطُولَ,_
232,طُولُها كِيلُو مِتْرٍ تَنْتَهِي بِحَوْض كَبِيرٍ تيفرع مِنهُ,_
233,أَنَّ إِ أَنَّ العَمَلِ فِي الوَحَداتِ الحُكُومِيَّةِ هُوَ أَفْضَلَ عَمَلٍ,_
234,وقال بنفس السياق انه كلما ابتعدنا عن عواصف,_
235,يَجْذِب القُرّاءِ هُوَ الهالَةَ الَّتِي أَحْدَثَتْها اعماله، إِضافَةً,_
236,الامطار. كَما تَقُوم هٰذِهِ المُسَطَّحات المائِيَّةِ بِتَحْرِيرِ وَإِشْعاع,_
237,وَلٰكِن جامِعاتِ بِكِين إِمّا أَلْغَت أَو قَلَلْتَ خُطَطِ,_
238,وَلا سِيَّما فِي مناصق الحَرّار,_
239,"وَأَرْخَت كِتابَةِ ""حران"" اليُونانِيَّةِ وَأَرَحْتَ كِتابَةِ ""حران"" اليُونانِيَّةِ بِسَنَةٍ أَرْبَع مِئَةِ وَثَلاثُ",_
240,عَثَرَت عَلَيهِ البِعْثَةُ صُور نَحَتَت عَلَى أَحْجار تُمَثِّل,_
241,النقدي، وَبَطالَة حامِلِي الشهادات، وَضُعْفِ التَكْوِيناتِ الأَساسِيَّةِ (القراءه،,_
242,أَنَّ الخَزَف وَالحَجّارَةِ يَحْسُوانِ أَلِدهنَّ حَسُّوا قال: جَعَلَت,_
243,العامِّ لِحِمايَةِ الاِسْتِقْرارِ الاِجْتِماعِيِّ وَمِن المُتَوَقَّعِ الآنَ أَنَّ,_
244,"مَحَطَّ أَنْظارِ الاخرين""..",_
245,وَيُظْهَر أَنَّهُ وَغَيْره قَد تَوَصَّلُوا إِلَى هٰذا الرَأْيِ,_
246,مِن جانِبِ آخَرِ يَلْعَب المَكانِ وَكَيْفِيَّةِ سقرط الأَشِعَّة,_
247,مِئَوِيَّةِ تَحْتَ الصِفْرِ,_
248,اِخْتِزالها فِي العَمَلِ الدِبلُوماسِيُّ الرَسْمِيِّ فَحَسْب ؛ ذٰلِكَ,_
249,أَهَمَّ المُشْكِلاتِ فِي هٰذِهِ الإِمارَة,_
250,فَهِيَ طاقات شَمْسِيَّة مختزنه أَنْتَجَتْها خِلالَ ملاين السِنِينَ,_
251,أَطْلَقَت عَلَى العَرَبِ لِما اِشْتَهَرَ عَنهُم صَحْراوِيُّونَ,_
252,تَحَرُّكاتِ ارضه، حَتَّى جَعَلَتْها عَلَى الشَكْلِ الَّذِي نَراه,_
253,ديليشيس يُعْتَبَر كَبِيراً نسبيا،حيث إِن النُمُوِّ القُوَى لَأَشْجار,_
254,أَنَّ أَقْسَمَها إِلَى قسمين: نُقُوشٍ وَكِتاباتٍ غَيْرِ عَرَبِيّه,_
255,إِلَى جانِبِ الشِعْرِ فَمِن أَسْرار بَقائِها تَغَلْغُلِها فِي,_
256,الإِنْشاءات أَحَدُ أَسْرار نَجاحِ المعهد. أَكَّدَ د.علي الزَيّات,_
257,مِن الأَخْبار قَد مَأَنَت لَمَوْت الشِعْرِ الَّذِي قِيلَ,_
258,أَو مِن صَنْعه اخرين، صَنَعُوها قبله، فَآخُذها مِن,_
259,رَأْسِ الحِصان وَبِدُونِ نَوافِذِ وَبِها مَسْقَطِ نور. هٰذا,_
260,فِي بَلْدَةِ تشيباو القديمه، تَرِي وَتَلْمُس التَغَيُّراتِ التارِيخِيَّةِ,_
261,يَسْكُن المالِك واسرته.,_
262,"الوِلاياتِ المتحده. حِينِها فَقَط وَصَلَ الكِتابِ إِلَى ""القمه"".",_
263,آسِيا وَكَذالكَ فِي الغاباتِ الواقِعَةِ فِي شَمالِ أُورُبّا,_
264,ما أَشْك فيه، لِأَنَّ الَّذِي يَنْعَل أَخْباره مِن,_
265,مِن مُؤَلِّفات أَبُو بَكْر الرازي,_
266,"""الهمداني"" أَنَّهُ عاشَ ""مائه وَخَمْسُ وعشرين"" سَنَة وَلَو",_
267,أَمّا حدودها، فَلَم أَمّا حدودها، فَلَم يُعَيِّنها الكِتابِ اليُونانِ واللاتين تَعْيِيناً,_
268,مِنهُما مُدَّتُها سنتان. وَيَنْخَرِط,_
269,تُهِنِيهِ وَعْيِ الاِنْتِماءِ,_
270,إِسْماعِيل بِن إِبْراهِيم بِن عَبْد الحَمِيد بِن عَبْداللّٰه,_
271,( مائِله أَو عَمُودَيْهِ ) دَوْراً مُهِمّاً فِي,_
272,العرب،,_
273,الضابِطِ لزمتك. سَأَلَت راجِح هَل بَلَغَ أَصْحابنا ظ ع ك،ث,_
274,فِيهِ نُصُوصاً زَعَمَ إِنَّها تَرْجَماتٍ لِنُصُوصٍ المسند،,_
275,تاجها مَعَ المَسافات المُسْتَخْدَمَةِ بَيِّنَ الاشجار. وَبِالتالِي لِمَعْرِفَةِ,_
276,أَمّا عَن الفَنِّ فِي الاِصْطِلاح أَو فِي الاستعمال؛,_
277,الصِينِ هٰذا العام.,_
278,يُؤَدِّي اِبْتِعادُ كَوْكَبِ الأَرْضِ,_
279,الأزمنه والأمكنه المتفرقه وهي بذلك ستميط اللثام لإيضاح,_
280,وَمَدارِكه لِيَكْتَشِف الكَوْنِ وَقَوانِينه وَطَبائِع المخلوقات. فَالإِنْسانُ,_
281,تَصْلُح بَدِيلٍ لِأَوانِي الذَهَبِ وَالفِضَّة,_
282,"مَدِينَةِ ""صنعاء""، امدا،",_
283,بِالأَنْظِمَة البحريه، وَبَثَّ الثِقَةِ بِها وَالاِعْتِماد عَلَيها فِي,_
284,لَنُقُوش الأَلْواح الحجريه، أَو لِلذَهابِ إِلَى الأَلْواح الحَجَرِيَّةِ,_
285,عِلْمِيَّةٍ عَن حَيَوانات جَزِيرَةِ العَرَبِ فِي العُصُورِ البرنزيه,_
286,مَكانَتِهِ الطَبِيعِيَّةِ اللازمه، وَيُؤَدِّي دَوْرَةِ فِي حَياةِ الفَرْدِ,_
287,إِلَى الدَرَجَة الَّتِي أَصْبَحَ لَدَى المُهْتَمِّينَ بِهِ مِن,_
288,أَنَّ يَرِي هٰذا المَظْهَرُ الخارِجِيِّ مِمّا يُعَرِّض المَنْتُوج,_
289,أُيُونات الفِلُور والكلور الَّتِي تُهاجِم جُزَيْئات الأُوزُون وَتُحَطِّمها,_
290,الكِتابِ وَلٰكِن سَيَتَعايَشُوا مَعَهُ فِي بِيئَةُ أَدَبِيَّةٍ مُزْدَوِجَةٌ,_
291,إِلَى المُدُنِ وَاِزْدادَت عَدَدٍ المَناجِم,_
292,جِين تَأْو مُجَدِّداً عَلَى ضَرُورَةِ أَنَّ تُشَجِّع الحُكُوماتِ,_
293,"أَمّا حَدِيثٍ ""الاسلام يَهْدِم ما قبله""، فَهُوَ حَدِيثٍ",_
294,أَتَت آكُلها نِسْبِيّاً عَلَى مُسْتَوَى الماءِ الشروب. وَقَد,_
295,ظَهَرَت عِدَّةٍ مُصْطَلَحاتٍ تُقابِل مُصْطَلَحُ فلكلور؛ مِثْلَ الأَدَبِ,_
296,واوروبا، وَاِسْتَطاعَ أَنَّ يَتَأَقْلَم وَيَعِيش فِي مَناطِقِ شَدِيدَةٍ,_
297,الخَيْمَةِ وحو نائِم بِكَلِماتِ لا أَفْهَمها مِثْلَ اِنْقَضَّ بِغَلَس لَهُ,_
298,وِجْهَةِ نَظَرِ إِسْلامِيَّةٍ مَعَ تَقْدِيمِ عَرَضَ لِأَهَمِّ العِقْبان,_
299,مِن مَحْدُودَيْهِ الرُؤْيَة الاستشرافيه لِمُسْتَقْبَلِ المَجالِ وَيُرَجِّح تَحْكِيما,_
300,وِفْقاً لَها وَهِيَ لَيِسَت أُسُساً وَمَعايِير وَضْعِيّه وَإِنَّما,_
301,اسم رجل من رجال الآسرة المالكة لهمدان. وجعل,_
302,الغالِبِ إِلَى شَخْصٍ واحد، تُخَصَّص بِأَخْبار الحَيْرَة وَمُلُوك,_
303,كانَ هٰذا العَجْزِ سَبَباً فِي إِضْعافِ السادَةِ الإِقْطاعِيَّيْنِ,_
304,سُفُنهم مِن القرصانه وَلِلاِتِّجار مَعَ الاعراب، وَلِتَمْوِين رِجالِ,_
305,سَنَواتٍ طَوِيلَةٍ مِن بَيِّنَها ححر غَيْرِ شَفّاف حَلْيِي,_
306,مشمس، دراق، غيظ، ناء ،بث ،نسر,_
307,بِنايَةِ قِصَّة خاصَّةٍ,_
308,مِنها بِصُورَةٍ تجاريه، تَأْتِيها بِأَرْياح حسنه، وَاِكْتَفَت بِتَوْسِيعِ,_
309,وَاِسْتَخْدَمَت فِي إِصْلاحه الوَسائِلِ العِلْمِيَّةِ الحديثه. وَ أَمّا,_
310,قَضِيَّةِ هامَّةً مِن وِجْهَةِ النَظَرِ الاسلاميه، فَالمَرْأَة الجَمِيلَةِ,_
311,"العَرَبِ وَقَبائِلهم فِي عهده، وَوَصَفَ أَحْوالهم التِجارِيَّة ,الاجتماعيه",_
312,ثم، تُشَكِّل صِيانَةِ هٰذِهِ المُكْتَسَباتِ فِي اِتِّجاهِ يَخْدِم,_
313,بينهم. قالَ أَبُو حاتم: هُوَ فِي أَيْدِيَهُم إِلَى,_
314,لا يُزاحِمها نَبات آخَرِ مِن النبات.,_
315,مِنهُم مِن الحضر. فَهُم فِي نِزاعٍ دائِمٍ فِيما,_
316,فَداكَ دُفْعَتَها إِلَى صِدِّيق لِيَ دِهان فَأَلْقاها فِي,_
317,لِآبِدٍ مِن بَذْلَ الجُهُودِ لِتَحْسِينِ التَعْلِيمِ وَالخَدَماتِ,_
318,تُهَدِّد السُلْطَةِ التَقْلِيدِيَّةِ للناقد. هَل يُمْكِن أَنَّ يَكُون,_
319,قِراءات لِنُصُوصٍ جاهليه، وَإِن تَضَمَّنَت بِعَضِّ أَسْماءَ يَمانِيّه,_
320,إِلّا مِن قِلَّةٌ الشُكْرِ له! ثُمَّ دَعا لَهُ,_
321,مِمّا لَم يَعُد مُسْتَخْدَماً فِي هٰذا العَصْرِ فِي,_
322,خَزّاناتِ عَظِيمَةً لِلطاقَةِ الشَمْسِيَّةُ الحَرارِيَّةِ وَذٰلِكَ لَقُدْرَتها الفائِقَةِ,_
323,فِي القليل. وَلَو راجعوها، لَكانَ ما جاؤُوا بِهِ,_
324,الواحِدِ إِذا لَم بِكُنَّ مَدُّونا مكتوبا، وَلِهٰذا جَوْز,_
325,الناحيه، وَهُما بِذٰلِكَ يُزِيلانِ اللَبْس الوارِدِ فِي مَعْلُوماتٍ,_
326,الدارِسُونَ أَنَّ تَعْلَم اللُغَةِ الصِينِيَّة يُسَهِّل وَيُشَجِّع نَقْلِ,_
327,"الكحوليات"". غَيْران ذٰلِكَ كُلِّهِ",_
328,آخَرِ عِنْدَ وُصُولِنا طُفْنا وَسَعَيْنا مَعَ شيخ. كانَ جارِي فِي,_
329,المُقْتَرِنَة بِالإِرادَة وَالقِيَمِ وَالناسُ فِي ذٰلِكَ,_
330,بِزِيارَةٍ الرَئِيسِ السابِقِ لِلوِلاياتِ المتحده، بِيل كلينتون. وَأَعْلَنَ,_
331,طُولُها كِيلُو مِتْرٍ تتهي بِحَوْض كَبِيرٍ تَتَفَرَّع مِنهُ,_
332,كَتَبَ عَلَيها الزوال،,_
333,جاءَت بِهِ كَتَبَ الأَدَبِ عَن مُلُوكُ الحَيْرَة وَعَن,_
334,التاريخ. ولكن عرض أسمائهم هنا وذكر بحوثهم ومؤلفاتهم,_
335,لِلطاقَةِ يُمْكِن لِلإِنْسانِ أَنَّ يَسْتَغِلّها إِلّا أَنَّها مَحْدُودَةٍ,_
336,غَيْرِ أَنَّنا لا نَسْتَطِيع أَنَّ نَتَكَهَّن فِي أَمْرٌ,_
337,عَدِيدَةٍ فِي جَرِيرَة العَرَبِ وَفَى الحَبَشَة وَفَى السحوال,_
338,وَطاقَة الرياح.,_
339,وَحَظْرُ كَآفَة الكُتُبِ الَّتِي تُعارِض حُكْمِهِ وَوَضْعِ مُؤَلِّفِيها .,_
340,الذرات. أَمّا فِي حالَةِ السَوائِل وَالمَوادِّ الصُلْبَةِ حَيْثُ,_
341,خ ص، ب س ش، ص غ ه,_
342,صَدْرِيّ مِن سَعال كانَ اصابني.,_
343,الضابِطِ لرمتك. سَأَلَت راجِح هَل بَلَغَ أَصْحابنا ظ ع ك،ث,_
344,مِن صَمِيمِ هٰذا الاِنْتِماءِ للمجموعه، ذاتِ الرَوافِدِ المتعدده،,_
345,عَلَى أَهَمِّيَّةً المَكانِ وَاِتِّساعه وَكَثافَة سُكّانه وَأَنْعامه عَلَى,_
346,بالفتور، مُنْذُ سَنَة أَلْفَ وَتَسْعَه مائه وَخَمْسَةِ وخمسون،,_
347,لَمِنْطَقَة نَحُدّ لَمِنْطَقَة لِمِنْطَقَةِ نَجِد وَنَجِد هِيَ الَّتِي أَجْمَعِ المُؤَرِّخُونَ أَنَّ,_
348,الدُوَلِ الغَرْبِيَّة اِنْتِشاراً واسعا.,_
349,أَنَّ المَقْصُودَ بِالأَمْكِنَة الَّتِي تَكْثُر فِيها الأَسْوَدِ مِن,_
350,أَنَّها قادَت لَجَنَّبَتْها لِاِخْتِيارِ روايه، وَهِيَ حَياة بِي,_
351,خاصّاً يُقابِل عالَمِ الحَضارَةِ فِي الجزيره، وَهُوَ الَّذِي,_
352,اليابانِ عَلَى الحَضارَةِ الغَرْبِيَّةِ كَتِلْمِيذ لا كزبون. وَشَجَّعَت,_
353,الشَعْبِ اليمني.,_
354,الحالات ؛ فقد تحولت المنظومة التربوية إلى آلة,_
355,العَرَبِيَّةِ وموجدها، عاجِزُونَ عَن التَوْفِيقَ بِن رَأْيِهِم هٰذا,_
356,أَنَّهُ وَلِيَها فِي زَمَنٍ الخَلِيفَة المُعْتَزّ بالله، وَيَبْدُو,_
357,فَكَما أَنَّ هُناكَ أَخْلاق فطريه، كَذٰلِكَ,_
358,فَتَبْتَعِد حِيناً عَن الشَمْسِ وَتَقْتَرِب حِيناً وَتَحْصُل هٰذِهِ,_
359,حَرْقِ الوَقُودِ الاحفوري (الفحم حَجَرَيَّ وَالنَفْطِ وَالغازِ الطبيعي),_
360,فَعَلُوا ذٰلِكَ كَما فِعْلٍ النَصارَى فِي اوروبه فِي,_
361,وَلٰكِن الحَضارَةِ الوَسَطِ تَتَعامَل مَعَ الإِنْسانِ بِجَوانِبه المُخْتَلِفَةِ,_
362,الجاهِلِيّ أَو أَخْبارُ الجاهليه،,_
363,العَقِيدَةِ كَلْماً اِقْتَرَبَت مِن فِكْرَةَ التَوْحِيدِ وَالإِيمان بِالحَياةِ,_
364,مِن,_
365,وَبُعْدَ سِتَّ ساعاتٍ مِن السَفَرِ فِي الصَحْراءِ كانَت,_
366,عَن اِعْتِراضها عَلَى التَسْوِيقِ العَنِيد لِلمُؤَلِّفَيْنِ الشَبابِ أَشْباه,_
367,خِلالَ الأُسْبُوعَيْنِ الماضيين. وَقِبَلَ ثَلاثَةِ أَشْهُرٍ تَوَقَّعَ مُحَلِّلُونَ,_
368,الشَرائِح الأَرْبَعمائَة,_
369,الاِسْتِوائِيَّة الَّذِي ساهَمَ فِي اِرْتِفاع مُعَدَّلاتِ تراكيز غازات,_
370,"فِيها اِسْم ""العرب""، غَيْرِ نَصَّ واحد، هُوَ النَصِّ",_
371,الاِنْدِماجِ الاِجْتِماعِيِّ,_
372,فَمِن كانَ لَهُ مالِ وَلا يُنْفِقه فِي حقوقه،,_
373,هٰذا التَقْسِيم وَما رَواهُ الرُواة مِن أَخْبارُ تِلْكَ,_
374,آخَرِ عِنْدَ وُصُولِنا طُفْنا وَسَعَيْنا مَعَ شيخ. كانَ جارِي فِي,_
375,الزَمَنِ وَ إِذ يُلاحِظ أَنَّ الزِراعَة وَقَفَت عِنْدَ حُدُودِ,_
376,مِن الأَخْبار قَد مَأَنَت لَمَوْت الشِعْرِ الَّذِي قِيلَ,_
377,إِلَى تَقْلِيلِ الأَسْعارِ لِلسِلَعِ,_
378,بِمُتَوَسِّطِ حِسابَيَّ دَرَجَةِ واحده، ثُمَّ المَعْرِفَةِ بِاِسْتِخْدام,_
379,جَزِيرَة العَرَبِ المُطِلَّة عَلَى البَحْرِ الأَحْمَرِ عِنْدَ جُزُرِ,_
380,عطعوط وَهِلال خازِن عَفِيف للحج. بَدَأَت قَوافِلَ الحَجِيج حاجّ أَثْرَ,_
381,كَتَبَ التَفْسِيرَ وَكَتَبَ الحَدِيثُ وَالسَيْر وَالأَخْبار أَوْصاف بِعَضِّ,_
382,الَّتِي تَعُود أَهْل الجاهِلِيَّة,_
383,وَ السُلالَة المِصْرِيَّةِ رَغْمَ أَنَّها تَنْدَرِج مِن حَيْثُ,_
384,"المُسْتَجِدّاتِ وَإِيضاح الخُطَطِ المُسْتَقْبَلِيَّةِ لِلقَصْر مول، وَأَضافَ ""دار",_
385,وَالإِدارِيَّةِ وَغَيْرِها فَإِنَّ الإِدارَةِ المَحَلِّيَّةِ تُمَثِّل الصُورَةِ الواقِعِيَّةِ,_
386,اخري، لَم تَتَضَمَّن بَرامِجِ مُكافَحَةِ التَصَحُّر أَو اِلْتِحاق,_
387,والميثان واوكسيد النتروز عَن مُعَدَّلاتها قِبَلَ الثَوْرَةِ الصِناعِيَّة,_
388,غِنائه عَلَى اللَيالِي المَقْمَرَة يَقْضِيها فِي بادَيْتَهُ يُناجِي,_
389,المالِيَّةِ الحالِيَّةِ وَتَداعِياتها عَلَى الاِقْتِصادِ العالَمِيِّ مِن خِلالَ,_
390,مِن اِخْتِلاف أَيْدِي الكِتابِ فِي رَسْمِ الحُرُوفُ وَنُقِرّها,_
391,النَقْلِ الشَخْصِيَّةِ يُقَدَّر بِحِوالِي,_
392,الَّذِي يَجِئ بُعْدَ سابِقِيهِ فِي هٰذا السياق، يَبْدُو,_
393,ضرورتها.,_
394,الرَئِيسِيَّةِ هِيَ تَقْدِيمِ نَمُوذَجَ ايكولوجي وَتَعْمِيمِ العُلُومِ وَالتِكْنُولُوجِيا,_
395,وَيُمْكِن تَحْدِيدِ مَجْمُوعُهُ مِن العَوامِلُ المُفَسِّرَة لِهٰذا الأَداءِ,_
396,النُصُوصِ وَفِي قِراءَتها وَشَرَحَها وتفسرها، وَلَعَلَّهُ لَم يَكْثُر,_
397,أَخْبارُ الجاهِلِيَّة وَحْدَها فِي أَيّ يَوْمَ مِن أَيّامٍ,_
398,عادَةً قَلَعَ المَبانِي القَدِيمَة لَاِسْتِخْدام أَنْقاضها فِي مَبانٍ,_
399,أَنَّ المَقْصُودَ بِالأَمْكِنَة الَّتِي تَكْثُر فِيها الأَسْوَدِ مِن,_
400,فِي حَفْرِ العُرُوق الَّتِي تَكُون الذهب، وَأَمْثال ذٰلِكَ,_
401,"وَلَعَلَّ ""الطبري"" أَخْذِها مِن رِوايَةٍ لِاِبْنٍ الكلبي، دُونِ",_
402,عَلَى الأَجْزاء الشَمالِيَّةِ وَالجَنُوبِيَّةِ مِن الأَرْضِ وَبِشَكْلٍ خاصٍّ,_
403,كَما اِتَّضَحَ وُجُودِ عَلاقَةَ اِرْتِباطَيْهِ وَمَعْنَوِيّه بَيِّنَ,_
404,وَلٰكِنَّها كانَت تُشَجِّع المُنافَسَةِ الَّتِي قَوْمِ بَيِّنَ الرُؤَساءِ,_
405,السَنابِل,_
406,الَّتِي يَسْتَطِيع الطالِبُ دِراسَتَها وَالتَخَصُّص فِيها,_
407,ليانغ يا ، رئيسة معهد كونفوشيوس بجامعة القاهرة,_
408,الطاقَةِ الحَرارِيَّةِ المَخْزُونَة لَدَيها إِلَى الغِلافِ الخارِجِيِّ لِلأَرْض,_
409,ما أَشْك فيه، لِأَنَّ الَّذِي يَنْعَل أَخْباره مِن,_
410,فِي الفُرَصِ وَيَحِقّ لِلطُلّابِ ذَوِي المُتَطَلَّباتِ التَعْلِيمِيَّةِ الخاصَّةِ,_
411,وَمُحَمَّد بِن نَشْوان بِن سَعِيد الحميري نَفْسه هُوَ,_
412,لِتُقابِل الاِحْتِياجاتِ المَعْرِفِيَّة والمهاريه لِلزَرّاع فِي مَجالاتِ الزِراعَةِ,_
413,أَفْواه شُهُودُ عيان، شَهِدا ما تحدثو عَنهُ وَقَد,_
414,رُوسِيا عَلَى مَتْنِ السَفِينَة يامال إِلَى القُطْبُ الشمالي.,_
415,إِحْدَى نِقاباتِ التُجّارِ الطائِفِيَّةِ تَحْصُل مِن المُقاطَعَةِ أَو,_
416,تَأْخُذ لُبِّ ما وَرَدَّ فِيها مِمّا يَخُصّ التارِيخ,_
417,السَنَةِ الأُولَى الابتدائيه، وَيَنْتَهِي بِمُواجَهَةِ تاجِرَ تَأْشِيراتِ عتيد،,_
418,وَمُخْتَلِف أَشْكالِ العَوَزِ وَالحاجَةُ ؛ كُلُّها مُعْطَياتِ تَدْفَع,_
419,عَلَيهِ طلعته.,_
420,أَنَّكَ ستقول: اهذا نَصَّ حَمِيرِي,_
421,ما رَواهُ المُؤَرِّخُونَ عَن ذٰلِكَ التاريخ، وَأَنَّ ما,_
422,مِن عِمارَة التُرابِ مَوْضُوعِ الساعَة,_
423,لَكَوْكَب الأَرْضِ عَلَى عِدَّةٍ عَوامِلِ أَهَمُّها اِرْتِفاعِ عَدَدٍ,_
424,القُطْبَيْنِ (منطقه بَيْضاءَ ثلجيه) وَهٰذا ما يُتِيح نِسْبَةَ,_
425,كَنَتِيجَةٍ لِزِيادَةِ اِنْبِعاثات غازات الصَوْبَة الخَضْراءِ ،,_
426,فَنَحْنُ أَيْضاً نَسْره بِالقَوْلِ وَنَأْمُر لَهُ بِالجَوائِز وَإِن,_
427,صَنَعَتْهُ وَلا تَنْتَفِع به. فَيَنْبَغِي لِمَن يَطْلُب العِلْمِ,_
428,مِن سَطْحِ الأَرْضِ . كَما وَأَنَّ غازات الاحتبن,_
429,وَالنَحْتِ البارز، وَالزُجاج الملون، وَإِلَى أَيّ حَدٍّ أَثَّرَت,_
430,خ ض، ب س ش، ص غ ه,_
431,اقداح. فَلا يَصِير فِي يَدِهِ عَلَى الوَجْهَيْنِ قَلِيلٍ,_
432,العِلْمِ وَ التِكْنُولُوجِيا حَتَّى يَخْدُمانِ الإِنْسانِ وَ لا,_
433,الواسِعَةِ الفاصِلَةُ بَيِّنَ العِراقِ والشام، أَيّ الياديه المَعْرُوفَةِ,_
434,سجاده: إِن مِن المراوزه إِذا لَبِسُوا الخَفاف فِي,_
435,عَلَى وُجُوهِ الاموال، وَضُرُوب الجبايات، وَيَكُون واصَلَ إِلَيهِ,_
436,التَنْمِيَةِ المَحَلِّيَّةِ,_
437,"بِعَضُّهُم كِذْباً يُخالِف أَبْسَطِ قَواعِدَ المنطق،وما رَمْيِ ""ابن",_
438,إِسْبانِيّا ‐ يَتَّجِه الإِسْبان إِلَى جَعَلَ إِلْزامِيّه التَعْلِيمِ,_
439,إِذ تَسْقُط أَشِعَّة الشَمْسِ بِشَكْلٍ عَمُودَيَّ أَو شِبْهِ,_
440,تَرُدّ شَهادَته وترفض، وَكَما وَرَدَّ فِي الأَمْثال العَرَبِيَّةِ,_
441,ثُمَّ اِنْدَفَعَ شَيْخُ مِنهُم فَقالَ يا قَوْمِ لا,_
442,فِي بِطُنّ الوادِي ، وَفِي وَقْتٍ مِن الأَوْقات,_
443,بَيِّنَ مُؤَشِّراتها : الهَدْر المدرسي، وَعَوْدَةِ المُنْقَطِعَيْنِ عَن,_
444,فَإِذا حانَ وَقْتٍ النَوْم وَضَعَت الحَشِيّات عَلَى الأَرْضِ,_
445,وَبَيْنَما يَمِيل البَعْضُ إِلَى عَدَمِ التَمْيِيزِ ما بَيِّنَ,_
446,الخَزَف أَو الخَشَبِ أَو الجِصّ بُعْدَ أَنَّ أَقَرّاها,_
447,ذاتِ قُدْوَة فِي النَقْدِ وَ التَمَيُّز بَيِّنَ الصَحِيحِ,_
448,المقبوله؟ أَو أَنَّ السُرادِق أُقِيمَ عَلَى حَقْلِ موحل؟,_
449,وَهِيَ غَيْرِ السُلالَة فِي الحَيَواناتِ الأُخْرَى وَالَّتِي جاءَت,_
450,الكَيْفِيَّةِ الَّتِي تَنْتَقِل بِها هٰذِهِ الإِشْعاعات عَبْرَ الأَوْساطُ,_
451,ثَمانِيَةِ أَعْوامٍ فِي حالَةِ الأَشْجارِ القَزَمِيَّة وبعدخمسه عَشَرَ,_
452,وَأَطْرَف مِن ذٰلِكَ أَنَّ الكَلِمَةِ عَرَبِيَّةٍ المبني، وَهِيَ,_
453,ساحِل البَحْرِ الأَحْمَرِ بِالقُرْبِ مِن قَرْيَةِ قوزع الجعافره,_
454,وَالجُسُور اقدامه، يَمُرّ ماءِ العُيُونُ عَلَى كُلِّ دارِ,_
455,وَعَن أُناس زَعَمُوا أَنَّهُم عاشُوا دَهْراً طَوِيلاً قِبَلَ,_
456,"هٰذِهِ الملاخطه الَّتِي تُؤَيِّد رِوايَةٍ ""ابن الكلبي"" المتقدمه‐",_
457,مِن المسجه فِي طَرَفٍ الفَتِيلَة لا يَنْفكَ مِن,_
458,نِقاشٍ مُوسِعٌ وَسَطَ أَجْواءِ وُدِّيَّةٍ حَوْلَ تِلْكَ الخطط،,_
459,الضائِعِ بِكَثِيرٍ,_
460,آخَرِ عِنْدَ وُصُولِنا طُفْنا وَسَعَيْنا مَعَ شيخ. كانَ جارِي فِي,_
461,وَفَعّالٍ . وَكانَت تِلْكَ الفَتْرَةِ ( فَتْرَةٍ الخَمْسِيناتِ,_
462,وَإِخْلاص وذكاء، مِمّا أَكْسِبه ثِقَةِ القياده، وَحُبِّ الناس،,_
463,وَلَعَلَّ أَكْثَرَ تِلْكَ الأَنْظِمَةِ شُيُوعاً هُوَ أَنَّ,_
464,وَطالَما تَحَطَّمَت عَلَيها السُفُنِ المنكوبه، فَتَكُون طَعاماً للبحر،,_
465,جِسْمَ المُجْتَمَعِ مِن الفَسادِ وَالمَرَض كانَ مِن الحَزْمِ,_
466,كَما يَدُلّ عِلْيَةِ اِسْمه الفارِسِيِّ مِن العِراقِ اِسْتَوْرَدَ,_
467,خ ض ب س ش ص غ ه,_
468,بِالأُرَف بِشَكْلٍ كامِلٍ وَنَفْصِلها عَن الفَضاءِ الكنوي,_
469,لِيُصْبِح أَحَدُ أَهَمَّ رُمُوزِ التَنْمِيَةِ فِي البِلادِ وَلَعَلَّهُ,_
470,مَعْلُوماتٍ سَطْحِيَّةٍ,_
471,البَحْرِ فَتَدَفُّق عُيُوناً فِي قاعه، كَالذي نُشاهِده فِي,_
472,الكتاب، تَجِد أَنَّ ما ذَكَرُوهُ عَنها وَعَنهُم يَتَحَدَّث,_
473,البُلْدانِ المُجاوِرَةِ وَلا تَقِف عِنْدَ حُدُودِ دَوْلَةٍ بِعَيْنِها,_
474,مشمس، دراق، غيظ، ناء ،بث ،نسر,_
475,المتصور، هُوَ وَهُم وخطا، فَقَد سَكَن العَرَبِ فِي,_
476,فِي اِسْتِخْدامِ المحروقات. وَقَد قامَ الفَرِيقِ الأَلْمانِيُّ بِتَرْكِيب,_
477,مَوْضِعا تَحْتَ شَجَرَةَ وَسَطَ خُضَره وَعَلَى ماءِ جار.,_
478,فَهُم بِذٰلِكَ يَصْنَعُونَ الحَياةِ بِهُدُوءِ وَيَصُوغُونَها ببطء،,_
479,العِلْمِ بَل تُطِلّ قِيَماً فاضَلَهُ ثابته.,_
480,مِمّا لا فائِدَة مِنهُ بالاساس. وَإِذا كانَ أَعْظَمُ,_
481,ملايين، فِي المُعَدَّلِ المتوسط،,_
482,لتكوين ذره واحدة من الهليوم,_
483,لَهُ أَنَّ يَزِيد حُمُوضَة المِياهِ مِمّا قَد يُؤَثِّر,_
484,"فَإِنَّ ""العيش معا""، كَمَبْدَأ مُمَيَّزٍ اِسْتَطاعَ أَنَّ يَنْبَثِق",_
485,دَقِيقَةً عَن أَنْواعِ الحَيَواناتِ الَّتِي عاشَت فِي جَزِيرَةِ,_
486,"""طيء"" وَلِكَلِمَة ""تازي"" فِي الفارِسِيَّة مَعْنَى ""صحراوي""، مِن",_
487,مِن يَعْتَمِدُونَ عَلَى غيرهم، وَكانَت هَيْئاتِ تَعْمَل صَراحَةً,_
488,تَدْرِيسِ اللُغَةِ الصِينِيَّةِ وَإِعْدادِ مُدَرِّسَيَّ الصِينِيَّةِ مِن المِصْرِيِّينَ,_
489,"الجماعي, وَمِن لا يَمْلِك زَرْعاً يَسْتَطِيع فِي هٰذا",_
490,اخري، وَهٰكَذا تَنَوَّعَت التسميات.,_
491,وَنَتِيجَة لِكَوْنِ هٰذا الغازِ لا يَشْتَعِل وَلا يُساعِد,_
492,المُخْتَلِفَةِ ( غازِ أَو سائِل أَو صُلْبِ ),_
493,شيئا. لا يَخْتَلِف حالِ تَشَه عَن مُعْظَمَ الخِرِّيجِينَ,_
494,مادِّيّاً وَفِكْرِيّا وَثَقافِيّاً وَلٰكِن هَل الحَضارَةِ الوَسَطِ تَتَصارَع,_
495,دَهْر رِجالاً وَلِكُلِّ مَقامِ مَقالٍ . وَقَد أَحْيا بِالسَمّ,_
496,تَعْلِيمِ الجماعات. لِأَنَّ أَبْناءِ الإِشْراف قَلَماً كانُوا يُرْسَلُونَ,_
497,السِياسِيَّة الكَبِيرَةِ ( المَمالِك والامبراطوريات) الَّتِي ظَهَرَت مَعَها,_
498,بَل كانَ الدافِعُ لَهُ رَغْبَةِ القُرّاءِ الشَغُوفَة فِي,_
499,آخَرِ تَتَغَذَّى الكائِنات الحَيَّةِ الحَيَوانِيَّةِ عَلَى النَباتات وَتَسْتَفِيد,_
